TRANS,MKBEST,KNUM,CLX,SK
None,f_classif,1,LogisticRegression,0.8357348703170029
None,f_classif,1,LogisticRegression,0.8541666666666666
None,f_classif,1,LogisticRegression,0.8448275862068966
None,f_classif,1,DecisionTreeClassifier,0.8304093567251462
None,f_classif,1,DecisionTreeClassifier,0.8390092879256966
None,f_classif,1,DecisionTreeClassifier,0.8377581120943952
None,f_classif,1,SVC,0.8338192419825072
None,f_classif,1,SVC,0.8390092879256966
None,f_classif,1,SVC,0.838038632986627
None,f_classif,1,KNeighborsClassifier,0.8306801736613604
None,f_classif,1,KNeighborsClassifier,0.8311306901615272
None,f_classif,1,KNeighborsClassifier,0.8402366863905325
None,f_classif,1,GaussianNB,0.8352272727272727
None,f_classif,1,GaussianNB,0.8529839883551673
None,f_classif,1,GaussianNB,0.8377997179125528
None,f_classif,1,GradientBoostingClassifier,0.8347826086956521
None,f_classif,1,GradientBoostingClassifier,0.8364197530864196
None,f_classif,1,GradientBoostingClassifier,0.8345534407027819
None,f_classif,1,RandomForestClassifier,0.8291970802919708
None,f_classif,1,RandomForestClassifier,0.8366412213740458
None,f_classif,1,RandomForestClassifier,0.8372093023255814
None,f_classif,2,LogisticRegression,0.9054441260744986
None,f_classif,2,LogisticRegression,0.9059334298118669
None,f_classif,2,LogisticRegression,0.90014064697609
None,f_classif,2,DecisionTreeClassifier,0.878998609179416
None,f_classif,2,DecisionTreeClassifier,0.8779803646563815
None,f_classif,2,DecisionTreeClassifier,0.8802228412256267
None,f_classif,2,SVC,0.841799709724238
None,f_classif,2,SVC,0.8430769230769232
None,f_classif,2,SVC,0.8533333333333333
None,f_classif,2,KNeighborsClassifier,0.8534107402031931
None,f_classif,2,KNeighborsClassifier,0.8776119402985074
None,f_classif,2,KNeighborsClassifier,0.8666666666666667
None,f_classif,2,GaussianNB,0.9126760563380283
None,f_classif,2,GaussianNB,0.9026798307475319
None,f_classif,2,GaussianNB,0.9065550906555091
None,f_classif,2,GradientBoostingClassifier,0.9106145251396648
None,f_classif,2,GradientBoostingClassifier,0.9052333804809052
None,f_classif,2,GradientBoostingClassifier,0.9030470914127424
None,f_classif,2,RandomForestClassifier,0.9019607843137256
None,f_classif,2,RandomForestClassifier,0.891089108910891
None,f_classif,2,RandomForestClassifier,0.9062937062937063
None,f_classif,3,LogisticRegression,0.9111747851002865
None,f_classif,3,LogisticRegression,0.9130434782608695
None,f_classif,3,LogisticRegression,0.9044943820224719
None,f_classif,3,DecisionTreeClassifier,0.9608938547486034
None,f_classif,3,DecisionTreeClassifier,0.9598893499308436
None,f_classif,3,DecisionTreeClassifier,0.9554317548746518
None,f_classif,3,SVC,0.8367346938775512
None,f_classif,3,SVC,0.843558282208589
None,f_classif,3,SVC,0.855457227138643
None,f_classif,3,KNeighborsClassifier,0.8534107402031931
None,f_classif,3,KNeighborsClassifier,0.8792846497764532
None,f_classif,3,KNeighborsClassifier,0.8699421965317921
None,f_classif,3,GaussianNB,0.9202797202797203
None,f_classif,3,GaussianNB,0.9027777777777778
None,f_classif,3,GaussianNB,0.8964577656675748
None,f_classif,3,GradientBoostingClassifier,0.9661971830985915
None,f_classif,3,GradientBoostingClassifier,0.9692737430167597
None,f_classif,3,GradientBoostingClassifier,0.9624478442280946
None,f_classif,3,RandomForestClassifier,0.9674681753889673
None,f_classif,3,RandomForestClassifier,0.9620253164556962
None,f_classif,3,RandomForestClassifier,0.9612188365650971
None,f_classif,4,LogisticRegression,0.9466292134831461
None,f_classif,4,LogisticRegression,0.9331436699857752
None,f_classif,4,LogisticRegression,0.9302987197724039
None,f_classif,4,DecisionTreeClassifier,0.9622377622377623
None,f_classif,4,DecisionTreeClassifier,0.9628610729023384
None,f_classif,4,DecisionTreeClassifier,0.9654218533886585
None,f_classif,4,SVC,0.8425655976676385
None,f_classif,4,SVC,0.8496932515337423
None,f_classif,4,SVC,0.8525073746312686
None,f_classif,4,KNeighborsClassifier,0.863768115942029
None,f_classif,4,KNeighborsClassifier,0.8778280542986425
None,f_classif,4,KNeighborsClassifier,0.8817518248175182
None,f_classif,4,GaussianNB,0.9381017881705639
None,f_classif,4,GaussianNB,0.9105914718019257
None,f_classif,4,GaussianNB,0.9191374663072776
None,f_classif,4,GradientBoostingClassifier,0.9790794979079498
None,f_classif,4,GradientBoostingClassifier,0.975
None,f_classif,4,GradientBoostingClassifier,0.9749303621169918
None,f_classif,4,RandomForestClassifier,0.9803370786516854
None,f_classif,4,RandomForestClassifier,0.9747899159663865
None,f_classif,4,RandomForestClassifier,0.9764216366158113
None,f_classif,5,LogisticRegression,0.952112676056338
None,f_classif,5,LogisticRegression,0.9411764705882352
None,f_classif,5,LogisticRegression,0.9301675977653632
None,f_classif,5,DecisionTreeClassifier,0.9566433566433566
None,f_classif,5,DecisionTreeClassifier,0.9629629629629629
None,f_classif,5,DecisionTreeClassifier,0.9636871508379888
None,f_classif,5,SVC,0.855072463768116
None,f_classif,5,SVC,0.8652694610778443
None,f_classif,5,SVC,0.8715728715728716
None,f_classif,5,KNeighborsClassifier,0.85383502170767
None,f_classif,5,KNeighborsClassifier,0.8588235294117648
None,f_classif,5,KNeighborsClassifier,0.8681948424068767
None,f_classif,5,GaussianNB,0.9436038514442916
None,f_classif,5,GaussianNB,0.9220246238030095
None,f_classif,5,GaussianNB,0.9103078982597056
None,f_classif,5,GradientBoostingClassifier,0.9803370786516854
None,f_classif,5,GradientBoostingClassifier,0.9778393351800554
None,f_classif,5,GradientBoostingClassifier,0.9737206085753803
None,f_classif,5,RandomForestClassifier,0.9788434414668548
None,f_classif,5,RandomForestClassifier,0.9675599435825105
None,f_classif,5,RandomForestClassifier,0.9736477115117893
None,f_classif,6,LogisticRegression,0.9561527581329561
None,f_classif,6,LogisticRegression,0.9420289855072465
None,f_classif,6,LogisticRegression,0.9372384937238494
None,f_classif,6,DecisionTreeClassifier,0.9677419354838709
None,f_classif,6,DecisionTreeClassifier,0.9615384615384616
None,f_classif,6,DecisionTreeClassifier,0.970954356846473
None,f_classif,6,SVC,0.8237129485179406
None,f_classif,6,SVC,0.8190476190476191
None,f_classif,6,SVC,0.8368580060422962
None,f_classif,6,KNeighborsClassifier,0.8478581979320533
None,f_classif,6,KNeighborsClassifier,0.8484848484848485
None,f_classif,6,KNeighborsClassifier,0.8658008658008659
None,f_classif,6,GaussianNB,0.9371584699453551
None,f_classif,6,GaussianNB,0.9192886456908345
None,f_classif,6,GaussianNB,0.9093333333333333
None,f_classif,6,GradientBoostingClassifier,0.9818181818181818
None,f_classif,6,GradientBoostingClassifier,0.9764216366158113
None,f_classif,6,GradientBoostingClassifier,0.9737206085753803
None,f_classif,6,RandomForestClassifier,0.9789029535864978
None,f_classif,6,RandomForestClassifier,0.9734265734265733
None,f_classif,6,RandomForestClassifier,0.9775910364145659
None,f_classif,7,LogisticRegression,0.9561527581329561
None,f_classif,7,LogisticRegression,0.9420289855072465
None,f_classif,7,LogisticRegression,0.9372384937238494
None,f_classif,7,DecisionTreeClassifier,0.9678321678321679
None,f_classif,7,DecisionTreeClassifier,0.9693593314763231
None,f_classif,7,DecisionTreeClassifier,0.9626556016597511
None,f_classif,7,SVC,0.8315301391035548
None,f_classif,7,SVC,0.8338557993730408
None,f_classif,7,SVC,0.8408408408408409
None,f_classif,7,KNeighborsClassifier,0.8478581979320533
None,f_classif,7,KNeighborsClassifier,0.8484848484848485
None,f_classif,7,KNeighborsClassifier,0.8658008658008659
None,f_classif,7,GaussianNB,0.9449035812672176
None,f_classif,7,GaussianNB,0.9260273972602739
None,f_classif,7,GaussianNB,0.9176788124156545
None,f_classif,7,GradientBoostingClassifier,0.9831932773109243
None,f_classif,7,GradientBoostingClassifier,0.9777158774373259
None,f_classif,7,GradientBoostingClassifier,0.9791376912378302
None,f_classif,7,RandomForestClassifier,0.9730496453900709
None,f_classif,7,RandomForestClassifier,0.9689265536723163
None,f_classif,7,RandomForestClassifier,0.9804469273743016
None,f_classif,8,LogisticRegression,0.952112676056338
None,f_classif,8,LogisticRegression,0.9467625899280576
None,f_classif,8,LogisticRegression,0.9456066945606694
None,f_classif,8,DecisionTreeClassifier,0.9679218967921898
None,f_classif,8,DecisionTreeClassifier,0.9570041608876559
None,f_classif,8,DecisionTreeClassifier,0.9654218533886585
None,f_classif,8,SVC,0.8275862068965517
None,f_classif,8,SVC,0.8298887122416535
None,f_classif,8,SVC,0.832579185520362
None,f_classif,8,KNeighborsClassifier,0.8575624082232012
None,f_classif,8,KNeighborsClassifier,0.85459940652819
None,f_classif,8,KNeighborsClassifier,0.8547008547008548
None,f_classif,8,GaussianNB,0.9564032697547683
None,f_classif,8,GaussianNB,0.9309878213802436
None,f_classif,8,GaussianNB,0.9218543046357617
None,f_classif,8,GradientBoostingClassifier,0.9845722300140252
None,f_classif,8,GradientBoostingClassifier,0.9805555555555555
None,f_classif,8,GradientBoostingClassifier,0.9805555555555555
None,f_classif,8,RandomForestClassifier,0.9787835926449788
None,f_classif,8,RandomForestClassifier,0.9817158931082981
None,f_classif,8,RandomForestClassifier,0.9859943977591036
None,f_classif,9,LogisticRegression,0.965034965034965
None,f_classif,9,LogisticRegression,0.9571428571428572
None,f_classif,9,LogisticRegression,0.9570041608876559
None,f_classif,9,DecisionTreeClassifier,0.9652294853963839
None,f_classif,9,DecisionTreeClassifier,0.9624478442280946
None,f_classif,9,DecisionTreeClassifier,0.9695290858725762
None,f_classif,9,SVC,0.8343750000000001
None,f_classif,9,SVC,0.8346456692913387
None,f_classif,9,SVC,0.8373493975903614
None,f_classif,9,KNeighborsClassifier,0.8575624082232012
None,f_classif,9,KNeighborsClassifier,0.8579881656804734
None,f_classif,9,KNeighborsClassifier,0.8534850640113799
None,f_classif,9,GaussianNB,0.9578231292517007
None,f_classif,9,GaussianNB,0.9426229508196722
None,f_classif,9,GaussianNB,0.9255319148936171
None,f_classif,9,GradientBoostingClassifier,0.9873772791023843
None,f_classif,9,GradientBoostingClassifier,0.9818688981868898
None,f_classif,9,GradientBoostingClassifier,0.9791376912378302
None,f_classif,9,RandomForestClassifier,0.9760900140646976
None,f_classif,9,RandomForestClassifier,0.9803370786516854
None,f_classif,9,RandomForestClassifier,0.9803921568627451
None,f_classif,10,LogisticRegression,0.9691876750700281
None,f_classif,10,LogisticRegression,0.9586305278174038
None,f_classif,10,LogisticRegression,0.9495798319327732
None,f_classif,10,DecisionTreeClassifier,0.9667590027700831
None,f_classif,10,DecisionTreeClassifier,0.9595536959553697
None,f_classif,10,DecisionTreeClassifier,0.9666666666666667
None,f_classif,10,SVC,0.8385093167701864
None,f_classif,10,SVC,0.8401253918495298
None,f_classif,10,SVC,0.8421052631578947
None,f_classif,10,KNeighborsClassifier,0.8575624082232012
None,f_classif,10,KNeighborsClassifier,0.8579881656804734
None,f_classif,10,KNeighborsClassifier,0.8534850640113799
None,f_classif,10,GaussianNB,0.9523809523809524
None,f_classif,10,GaussianNB,0.9439124487004105
None,f_classif,10,GaussianNB,0.9265687583444593
None,f_classif,10,GradientBoostingClassifier,0.9873772791023843
None,f_classif,10,GradientBoostingClassifier,0.9818688981868898
None,f_classif,10,GradientBoostingClassifier,0.9791955617198337
None,f_classif,10,RandomForestClassifier,0.9859550561797753
None,f_classif,10,RandomForestClassifier,0.9873772791023843
None,f_classif,10,RandomForestClassifier,0.9818688981868898
None,f_classif,11,LogisticRegression,0.9636871508379888
None,f_classif,11,LogisticRegression,0.96
None,f_classif,11,LogisticRegression,0.9581005586592178
None,f_classif,11,DecisionTreeClassifier,0.968011126564673
None,f_classif,11,DecisionTreeClassifier,0.9665738161559889
None,f_classif,11,DecisionTreeClassifier,0.9680998613037447
None,f_classif,11,SVC,0.8395061728395062
None,f_classif,11,SVC,0.8455538221528861
None,f_classif,11,SVC,0.8455772113943029
None,f_classif,11,KNeighborsClassifier,0.8513119533527698
None,f_classif,11,KNeighborsClassifier,0.8614008941877794
None,f_classif,11,KNeighborsClassifier,0.8551136363636364
None,f_classif,11,GaussianNB,0.9510869565217391
None,f_classif,11,GaussianNB,0.9426229508196722
None,f_classif,11,GaussianNB,0.9265687583444593
None,f_classif,11,GradientBoostingClassifier,0.9873772791023843
None,f_classif,11,GradientBoostingClassifier,0.9818688981868898
None,f_classif,11,GradientBoostingClassifier,0.9764868603042878
None,f_classif,11,RandomForestClassifier,0.9816643159379408
None,f_classif,11,RandomForestClassifier,0.9747191011235955
None,f_classif,11,RandomForestClassifier,0.984700973574409
None,f_classif,12,LogisticRegression,0.9608938547486034
None,f_classif,12,LogisticRegression,0.962962962962963
None,f_classif,12,LogisticRegression,0.957983193277311
None,f_classif,12,DecisionTreeClassifier,0.968011126564673
None,f_classif,12,DecisionTreeClassifier,0.9583333333333334
None,f_classif,12,DecisionTreeClassifier,0.9611111111111111
None,f_classif,12,SVC,0.8421052631578947
None,f_classif,12,SVC,0.8509316770186335
None,f_classif,12,SVC,0.8558558558558558
None,f_classif,12,KNeighborsClassifier,0.8691860465116279
None,f_classif,12,KNeighborsClassifier,0.8694362017804154
None,f_classif,12,KNeighborsClassifier,0.8648648648648648
None,f_classif,12,GaussianNB,0.9536784741144415
None,f_classif,12,GaussianNB,0.9400544959128065
None,f_classif,12,GaussianNB,0.93048128342246
None,f_classif,12,GradientBoostingClassifier,0.9831932773109243
None,f_classif,12,GradientBoostingClassifier,0.9832869080779945
None,f_classif,12,GradientBoostingClassifier,0.9764868603042878
None,f_classif,12,RandomForestClassifier,0.9831932773109243
None,f_classif,12,RandomForestClassifier,0.9788434414668548
None,f_classif,12,RandomForestClassifier,0.9831460674157303
None,chi2,1,LogisticRegression,0.8357348703170029
None,chi2,1,LogisticRegression,0.8541666666666666
None,chi2,1,LogisticRegression,0.8448275862068966
None,chi2,1,DecisionTreeClassifier,0.8304093567251462
None,chi2,1,DecisionTreeClassifier,0.8390092879256966
None,chi2,1,DecisionTreeClassifier,0.8377581120943952
None,chi2,1,SVC,0.8338192419825072
None,chi2,1,SVC,0.8390092879256966
None,chi2,1,SVC,0.838038632986627
None,chi2,1,KNeighborsClassifier,0.8306801736613604
None,chi2,1,KNeighborsClassifier,0.8311306901615272
None,chi2,1,KNeighborsClassifier,0.8402366863905325
None,chi2,1,GaussianNB,0.8352272727272727
None,chi2,1,GaussianNB,0.8529839883551673
None,chi2,1,GaussianNB,0.8377997179125528
None,chi2,1,GradientBoostingClassifier,0.8347826086956521
None,chi2,1,GradientBoostingClassifier,0.8364197530864196
None,chi2,1,GradientBoostingClassifier,0.8345534407027819
None,chi2,1,RandomForestClassifier,0.8313953488372093
None,chi2,1,RandomForestClassifier,0.8366412213740458
None,chi2,1,RandomForestClassifier,0.8370044052863437
None,chi2,2,LogisticRegression,0.8480463096960925
None,chi2,2,LogisticRegression,0.8630338733431517
None,chi2,2,LogisticRegression,0.8522238163558106
None,chi2,2,DecisionTreeClassifier,0.7905686546463245
None,chi2,2,DecisionTreeClassifier,0.8193832599118942
None,chi2,2,DecisionTreeClassifier,0.8120713305898491
None,chi2,2,SVC,0.7660256410256411
None,chi2,2,SVC,0.7941653160453809
None,chi2,2,SVC,0.8049155145929339
None,chi2,2,KNeighborsClassifier,0.8411764705882352
None,chi2,2,KNeighborsClassifier,0.8363636363636363
None,chi2,2,KNeighborsClassifier,0.852601156069364
None,chi2,2,GaussianNB,0.7913279132791328
None,chi2,2,GaussianNB,0.789825970548862
None,chi2,2,GaussianNB,0.7821522309711284
None,chi2,2,GradientBoostingClassifier,0.8473053892215568
None,chi2,2,GradientBoostingClassifier,0.849772382397572
None,chi2,2,GradientBoostingClassifier,0.8521229868228404
None,chi2,2,RandomForestClassifier,0.8219971056439942
None,chi2,2,RandomForestClassifier,0.8318318318318318
None,chi2,2,RandomForestClassifier,0.8333333333333334
None,chi2,3,LogisticRegression,0.8378766140602584
None,chi2,3,LogisticRegression,0.8621700879765396
None,chi2,3,LogisticRegression,0.8433048433048432
None,chi2,3,DecisionTreeClassifier,0.8555858310626703
None,chi2,3,DecisionTreeClassifier,0.8384401114206129
None,chi2,3,DecisionTreeClassifier,0.85595567867036
None,chi2,3,SVC,0.7857142857142857
None,chi2,3,SVC,0.8142164781906301
None,chi2,3,SVC,0.8098918083462132
None,chi2,3,KNeighborsClassifier,0.8467153284671534
None,chi2,3,KNeighborsClassifier,0.8487518355359766
None,chi2,3,KNeighborsClassifier,0.8539007092198582
None,chi2,3,GaussianNB,0.7835550181378477
None,chi2,3,GaussianNB,0.7969924812030076
None,chi2,3,GaussianNB,0.7682926829268292
None,chi2,3,GradientBoostingClassifier,0.8717201166180758
None,chi2,3,GradientBoostingClassifier,0.881559220389805
None,chi2,3,GradientBoostingClassifier,0.8714285714285713
None,chi2,3,RandomForestClassifier,0.872093023255814
None,chi2,3,RandomForestClassifier,0.8833087149187593
None,chi2,3,RandomForestClassifier,0.8818443804034581
None,chi2,4,LogisticRegression,0.87007299270073
None,chi2,4,LogisticRegression,0.8668639053254438
None,chi2,4,LogisticRegression,0.8547486033519552
None,chi2,4,DecisionTreeClassifier,0.8727272727272727
None,chi2,4,DecisionTreeClassifier,0.8797736916548798
None,chi2,4,DecisionTreeClassifier,0.877914951989026
None,chi2,4,SVC,0.7567567567567567
None,chi2,4,SVC,0.7900826446280992
None,chi2,4,SVC,0.7962085308056872
None,chi2,4,KNeighborsClassifier,0.8563049853372435
None,chi2,4,KNeighborsClassifier,0.8528974739970283
None,chi2,4,KNeighborsClassifier,0.8547008547008548
None,chi2,4,GaussianNB,0.8128205128205128
None,chi2,4,GaussianNB,0.8165374677002585
None,chi2,4,GaussianNB,0.795511221945137
None,chi2,4,GradientBoostingClassifier,0.9075630252100839
None,chi2,4,GradientBoostingClassifier,0.8908296943231442
None,chi2,4,GradientBoostingClassifier,0.895397489539749
None,chi2,4,RandomForestClassifier,0.8975468975468976
None,chi2,4,RandomForestClassifier,0.9098966026587888
None,chi2,4,RandomForestClassifier,0.9029535864978904
None,chi2,5,LogisticRegression,0.9333333333333333
None,chi2,5,LogisticRegression,0.930635838150289
None,chi2,5,LogisticRegression,0.9235048678720446
None,chi2,5,DecisionTreeClassifier,0.9318801089918256
None,chi2,5,DecisionTreeClassifier,0.9248226950354611
None,chi2,5,DecisionTreeClassifier,0.9192886456908345
None,chi2,5,SVC,0.795417348608838
None,chi2,5,SVC,0.8045602605863192
None,chi2,5,SVC,0.8202764976958526
None,chi2,5,KNeighborsClassifier,0.8575624082232012
None,chi2,5,KNeighborsClassifier,0.85459940652819
None,chi2,5,KNeighborsClassifier,0.8547008547008548
None,chi2,5,GaussianNB,0.8909329829172142
None,chi2,5,GaussianNB,0.8975741239892184
None,chi2,5,GaussianNB,0.8596938775510203
None,chi2,5,GradientBoostingClassifier,0.9625520110957004
None,chi2,5,GradientBoostingClassifier,0.96045197740113
None,chi2,5,GradientBoostingClassifier,0.9408528198074277
None,chi2,5,RandomForestClassifier,0.9548022598870056
None,chi2,5,RandomForestClassifier,0.9481268011527378
None,chi2,5,RandomForestClassifier,0.9453015427769986
None,chi2,6,LogisticRegression,0.9481065918653576
None,chi2,6,LogisticRegression,0.9408369408369409
None,chi2,6,LogisticRegression,0.9456066945606694
None,chi2,6,DecisionTreeClassifier,0.9443690637720489
None,chi2,6,DecisionTreeClassifier,0.9327731092436976
None,chi2,6,DecisionTreeClassifier,0.9456066945606694
None,chi2,6,SVC,0.8083735909822867
None,chi2,6,SVC,0.818035426731079
None,chi2,6,SVC,0.8274809160305343
None,chi2,6,KNeighborsClassifier,0.8575624082232012
None,chi2,6,KNeighborsClassifier,0.85459940652819
None,chi2,6,KNeighborsClassifier,0.8547008547008548
None,chi2,6,GaussianNB,0.9192052980132451
None,chi2,6,GaussianNB,0.9071332436069988
None,chi2,6,GaussianNB,0.8938401048492791
None,chi2,6,GradientBoostingClassifier,0.9750692520775623
None,chi2,6,GradientBoostingClassifier,0.9577464788732395
None,chi2,6,GradientBoostingClassifier,0.9679218967921898
None,chi2,6,RandomForestClassifier,0.9608938547486034
None,chi2,6,RandomForestClassifier,0.9583931133428982
None,chi2,6,RandomForestClassifier,0.9534555712270802
None,chi2,7,LogisticRegression,0.952112676056338
None,chi2,7,LogisticRegression,0.9467625899280576
None,chi2,7,LogisticRegression,0.9456066945606694
None,chi2,7,DecisionTreeClassifier,0.9749303621169918
None,chi2,7,DecisionTreeClassifier,0.9640883977900553
None,chi2,7,DecisionTreeClassifier,0.968011126564673
None,chi2,7,SVC,0.8251968503937007
None,chi2,7,SVC,0.8256000000000001
None,chi2,7,SVC,0.8290468986384266
None,chi2,7,KNeighborsClassifier,0.8575624082232012
None,chi2,7,KNeighborsClassifier,0.85459940652819
None,chi2,7,KNeighborsClassifier,0.8547008547008548
None,chi2,7,GaussianNB,0.9459459459459458
None,chi2,7,GaussianNB,0.923076923076923
None,chi2,7,GaussianNB,0.9045751633986927
None,chi2,7,GradientBoostingClassifier,0.9817671809256662
None,chi2,7,GradientBoostingClassifier,0.9777777777777777
None,chi2,7,GradientBoostingClassifier,0.9791955617198337
None,chi2,7,RandomForestClassifier,0.9860335195530725
None,chi2,7,RandomForestClassifier,0.9673758865248226
None,chi2,7,RandomForestClassifier,0.9846582984658299
None,chi2,8,LogisticRegression,0.952112676056338
None,chi2,8,LogisticRegression,0.9423631123919308
None,chi2,8,LogisticRegression,0.9398601398601399
None,chi2,8,DecisionTreeClassifier,0.9763560500695411
None,chi2,8,DecisionTreeClassifier,0.9694444444444444
None,chi2,8,DecisionTreeClassifier,0.9677419354838709
None,chi2,8,SVC,0.8275862068965517
None,chi2,8,SVC,0.8298887122416535
None,chi2,8,SVC,0.832579185520362
None,chi2,8,KNeighborsClassifier,0.8575624082232012
None,chi2,8,KNeighborsClassifier,0.8558692421991084
None,chi2,8,KNeighborsClassifier,0.8547008547008548
None,chi2,8,GaussianNB,0.9408602150537634
None,chi2,8,GaussianNB,0.9243243243243242
None,chi2,8,GaussianNB,0.9064558629776021
None,chi2,8,GradientBoostingClassifier,0.9803370786516854
None,chi2,8,GradientBoostingClassifier,0.9777158774373259
None,chi2,8,GradientBoostingClassifier,0.9750692520775623
None,chi2,8,RandomForestClassifier,0.9774647887323943
None,chi2,8,RandomForestClassifier,0.9745042492917847
None,chi2,8,RandomForestClassifier,0.9777158774373259
None,chi2,9,LogisticRegression,0.9523809523809524
None,chi2,9,LogisticRegression,0.9426934097421202
None,chi2,9,LogisticRegression,0.9426573426573427
None,chi2,9,DecisionTreeClassifier,0.970954356846473
None,chi2,9,DecisionTreeClassifier,0.9626556016597511
None,chi2,9,DecisionTreeClassifier,0.968011126564673
None,chi2,9,SVC,0.8385093167701864
None,chi2,9,SVC,0.8346456692913387
None,chi2,9,SVC,0.8393939393939395
None,chi2,9,KNeighborsClassifier,0.8525547445255474
None,chi2,9,KNeighborsClassifier,0.8614008941877794
None,chi2,9,KNeighborsClassifier,0.8551136363636364
None,chi2,9,GaussianNB,0.9408602150537634
None,chi2,9,GaussianNB,0.923076923076923
None,chi2,9,GaussianNB,0.9081364829396326
None,chi2,9,GradientBoostingClassifier,0.9803370786516854
None,chi2,9,GradientBoostingClassifier,0.9805555555555555
None,chi2,9,GradientBoostingClassifier,0.9764216366158113
None,chi2,9,RandomForestClassifier,0.9801699716713881
None,chi2,9,RandomForestClassifier,0.9719887955182073
None,chi2,9,RandomForestClassifier,0.9747899159663865
None,chi2,10,LogisticRegression,0.9636871508379888
None,chi2,10,LogisticRegression,0.96
None,chi2,10,LogisticRegression,0.9581005586592178
None,chi2,10,DecisionTreeClassifier,0.9627586206896551
None,chi2,10,DecisionTreeClassifier,0.9648382559774964
None,chi2,10,DecisionTreeClassifier,0.9665738161559889
None,chi2,10,SVC,0.8390092879256966
None,chi2,10,SVC,0.8419405320813772
None,chi2,10,SVC,0.8451127819548873
None,chi2,10,KNeighborsClassifier,0.8513119533527698
None,chi2,10,KNeighborsClassifier,0.8614008941877794
None,chi2,10,KNeighborsClassifier,0.8551136363636364
None,chi2,10,GaussianNB,0.9421265141318976
None,chi2,10,GaussianNB,0.9351351351351351
None,chi2,10,GaussianNB,0.9153439153439152
None,chi2,10,GradientBoostingClassifier,0.9845722300140252
None,chi2,10,GradientBoostingClassifier,0.9819193324061196
None,chi2,10,GradientBoostingClassifier,0.9750692520775623
None,chi2,10,RandomForestClassifier,0.9873772791023843
None,chi2,10,RandomForestClassifier,0.9789029535864978
None,chi2,10,RandomForestClassifier,0.9749303621169918
None,chi2,11,LogisticRegression,0.9608938547486034
None,chi2,11,LogisticRegression,0.962962962962963
None,chi2,11,LogisticRegression,0.957983193277311
None,chi2,11,DecisionTreeClassifier,0.9601100412654746
None,chi2,11,DecisionTreeClassifier,0.9611111111111111
None,chi2,11,DecisionTreeClassifier,0.9608938547486034
None,chi2,11,SVC,0.8452012383900929
None,chi2,11,SVC,0.849144634525661
None,chi2,11,SVC,0.8541353383458646
None,chi2,11,KNeighborsClassifier,0.8691860465116279
None,chi2,11,KNeighborsClassifier,0.8694362017804154
None,chi2,11,KNeighborsClassifier,0.8648648648648648
None,chi2,11,GaussianNB,0.9446693657219972
None,chi2,11,GaussianNB,0.9349593495934959
None,chi2,11,GaussianNB,0.9153439153439152
None,chi2,11,GradientBoostingClassifier,0.9817671809256662
None,chi2,11,GradientBoostingClassifier,0.9819193324061196
None,chi2,11,GradientBoostingClassifier,0.9750692520775623
None,chi2,11,RandomForestClassifier,0.9831460674157303
None,chi2,11,RandomForestClassifier,0.9734265734265733
None,chi2,11,RandomForestClassifier,0.9805013927576602
None,chi2,12,LogisticRegression,0.9608938547486034
None,chi2,12,LogisticRegression,0.962962962962963
None,chi2,12,LogisticRegression,0.957983193277311
None,chi2,12,DecisionTreeClassifier,0.9665738161559889
None,chi2,12,DecisionTreeClassifier,0.9583333333333334
None,chi2,12,DecisionTreeClassifier,0.9637883008356547
None,chi2,12,SVC,0.8421052631578947
None,chi2,12,SVC,0.8509316770186335
None,chi2,12,SVC,0.8558558558558558
None,chi2,12,KNeighborsClassifier,0.8691860465116279
None,chi2,12,KNeighborsClassifier,0.8694362017804154
None,chi2,12,KNeighborsClassifier,0.8648648648648648
None,chi2,12,GaussianNB,0.9536784741144415
None,chi2,12,GaussianNB,0.9400544959128065
None,chi2,12,GaussianNB,0.93048128342246
None,chi2,12,GradientBoostingClassifier,0.9831932773109243
None,chi2,12,GradientBoostingClassifier,0.9832869080779945
None,chi2,12,GradientBoostingClassifier,0.9791955617198337
None,chi2,12,RandomForestClassifier,0.9887955182072828
None,chi2,12,RandomForestClassifier,0.975954738330976
None,chi2,12,RandomForestClassifier,0.9818688981868898
MinmaxScaler,f_classif,1,LogisticRegression,0.8407079646017699
MinmaxScaler,f_classif,1,LogisticRegression,0.8409785932721713
MinmaxScaler,f_classif,1,LogisticRegression,0.845360824742268
MinmaxScaler,f_classif,1,DecisionTreeClassifier,0.8304093567251462
MinmaxScaler,f_classif,1,DecisionTreeClassifier,0.8390092879256966
MinmaxScaler,f_classif,1,DecisionTreeClassifier,0.8377581120943952
MinmaxScaler,f_classif,1,SVC,0.8433382137628113
MinmaxScaler,f_classif,1,SVC,0.8437025796661609
MinmaxScaler,f_classif,1,SVC,0.8450292397660818
MinmaxScaler,f_classif,1,KNeighborsClassifier,0.8306801736613604
MinmaxScaler,f_classif,1,KNeighborsClassifier,0.8311306901615272
MinmaxScaler,f_classif,1,KNeighborsClassifier,0.8402366863905325
MinmaxScaler,f_classif,1,GaussianNB,0.8352272727272727
MinmaxScaler,f_classif,1,GaussianNB,0.8529839883551673
MinmaxScaler,f_classif,1,GaussianNB,0.8377997179125528
MinmaxScaler,f_classif,1,GradientBoostingClassifier,0.8347826086956521
MinmaxScaler,f_classif,1,GradientBoostingClassifier,0.8364197530864196
MinmaxScaler,f_classif,1,GradientBoostingClassifier,0.8345534407027819
MinmaxScaler,f_classif,1,RandomForestClassifier,0.8313953488372093
MinmaxScaler,f_classif,1,RandomForestClassifier,0.8419452887537994
MinmaxScaler,f_classif,1,RandomForestClassifier,0.8377581120943952
MinmaxScaler,f_classif,2,LogisticRegression,0.8960468521229868
MinmaxScaler,f_classif,2,LogisticRegression,0.8921713441654356
MinmaxScaler,f_classif,2,LogisticRegression,0.8920863309352519
MinmaxScaler,f_classif,2,DecisionTreeClassifier,0.8678720445062587
MinmaxScaler,f_classif,2,DecisionTreeClassifier,0.8764044943820225
MinmaxScaler,f_classif,2,DecisionTreeClassifier,0.8833333333333333
MinmaxScaler,f_classif,2,SVC,0.9101283880171184
MinmaxScaler,f_classif,2,SVC,0.910919540229885
MinmaxScaler,f_classif,2,SVC,0.9083215796897038
MinmaxScaler,f_classif,2,KNeighborsClassifier,0.9044222539229672
MinmaxScaler,f_classif,2,KNeighborsClassifier,0.9026798307475319
MinmaxScaler,f_classif,2,KNeighborsClassifier,0.9030470914127424
MinmaxScaler,f_classif,2,GaussianNB,0.9126760563380283
MinmaxScaler,f_classif,2,GaussianNB,0.9026798307475319
MinmaxScaler,f_classif,2,GaussianNB,0.9065550906555091
MinmaxScaler,f_classif,2,GradientBoostingClassifier,0.9106145251396648
MinmaxScaler,f_classif,2,GradientBoostingClassifier,0.9052333804809052
MinmaxScaler,f_classif,2,GradientBoostingClassifier,0.9030470914127424
MinmaxScaler,f_classif,2,RandomForestClassifier,0.8857545839210155
MinmaxScaler,f_classif,2,RandomForestClassifier,0.8939179632248939
MinmaxScaler,f_classif,2,RandomForestClassifier,0.902506963788301
MinmaxScaler,f_classif,3,LogisticRegression,0.9172714078374457
MinmaxScaler,f_classif,3,LogisticRegression,0.9186046511627907
MinmaxScaler,f_classif,3,LogisticRegression,0.9155937052932761
MinmaxScaler,f_classif,3,DecisionTreeClassifier,0.956884561891516
MinmaxScaler,f_classif,3,DecisionTreeClassifier,0.956043956043956
MinmaxScaler,f_classif,3,DecisionTreeClassifier,0.9541029207232267
MinmaxScaler,f_classif,3,SVC,0.9316239316239316
MinmaxScaler,f_classif,3,SVC,0.9331436699857752
MinmaxScaler,f_classif,3,SVC,0.9273743016759777
MinmaxScaler,f_classif,3,KNeighborsClassifier,0.9610027855153204
MinmaxScaler,f_classif,3,KNeighborsClassifier,0.9563994374120957
MinmaxScaler,f_classif,3,KNeighborsClassifier,0.9586776859504132
MinmaxScaler,f_classif,3,GaussianNB,0.9202797202797203
MinmaxScaler,f_classif,3,GaussianNB,0.9027777777777778
MinmaxScaler,f_classif,3,GaussianNB,0.8964577656675748
MinmaxScaler,f_classif,3,GradientBoostingClassifier,0.9661971830985915
MinmaxScaler,f_classif,3,GradientBoostingClassifier,0.9692737430167597
MinmaxScaler,f_classif,3,GradientBoostingClassifier,0.9624478442280946
MinmaxScaler,f_classif,3,RandomForestClassifier,0.9646393210749648
MinmaxScaler,f_classif,3,RandomForestClassifier,0.9720670391061451
MinmaxScaler,f_classif,3,RandomForestClassifier,0.9706293706293706
MinmaxScaler,f_classif,4,LogisticRegression,0.9502133712660028
MinmaxScaler,f_classif,4,LogisticRegression,0.9346879535558781
MinmaxScaler,f_classif,4,LogisticRegression,0.9371428571428572
MinmaxScaler,f_classif,4,DecisionTreeClassifier,0.9594405594405595
MinmaxScaler,f_classif,4,DecisionTreeClassifier,0.9627586206896551
MinmaxScaler,f_classif,4,DecisionTreeClassifier,0.9679218967921898
MinmaxScaler,f_classif,4,SVC,0.9563994374120957
MinmaxScaler,f_classif,4,SVC,0.945868945868946
MinmaxScaler,f_classif,4,SVC,0.9479606188466948
MinmaxScaler,f_classif,4,KNeighborsClassifier,0.9764868603042878
MinmaxScaler,f_classif,4,KNeighborsClassifier,0.9694444444444444
MinmaxScaler,f_classif,4,KNeighborsClassifier,0.970873786407767
MinmaxScaler,f_classif,4,GaussianNB,0.9381017881705639
MinmaxScaler,f_classif,4,GaussianNB,0.9105914718019257
MinmaxScaler,f_classif,4,GaussianNB,0.9191374663072776
MinmaxScaler,f_classif,4,GradientBoostingClassifier,0.9790794979079498
MinmaxScaler,f_classif,4,GradientBoostingClassifier,0.975
MinmaxScaler,f_classif,4,GradientBoostingClassifier,0.9722222222222222
MinmaxScaler,f_classif,4,RandomForestClassifier,0.9789621318373072
MinmaxScaler,f_classif,4,RandomForestClassifier,0.9676511954992969
MinmaxScaler,f_classif,4,RandomForestClassifier,0.9777777777777777
MinmaxScaler,f_classif,5,LogisticRegression,0.9572649572649572
MinmaxScaler,f_classif,5,LogisticRegression,0.9375907111756169
MinmaxScaler,f_classif,5,LogisticRegression,0.945868945868946
MinmaxScaler,f_classif,5,DecisionTreeClassifier,0.9624478442280946
MinmaxScaler,f_classif,5,DecisionTreeClassifier,0.9655172413793104
MinmaxScaler,f_classif,5,DecisionTreeClassifier,0.9665738161559889
MinmaxScaler,f_classif,5,SVC,0.964936886395512
MinmaxScaler,f_classif,5,SVC,0.9557774607703281
MinmaxScaler,f_classif,5,SVC,0.951048951048951
MinmaxScaler,f_classif,5,KNeighborsClassifier,0.9764216366158113
MinmaxScaler,f_classif,5,KNeighborsClassifier,0.9749303621169918
MinmaxScaler,f_classif,5,KNeighborsClassifier,0.9624478442280946
MinmaxScaler,f_classif,5,GaussianNB,0.9436038514442916
MinmaxScaler,f_classif,5,GaussianNB,0.9220246238030095
MinmaxScaler,f_classif,5,GaussianNB,0.9090909090909091
MinmaxScaler,f_classif,5,GradientBoostingClassifier,0.9803370786516854
MinmaxScaler,f_classif,5,GradientBoostingClassifier,0.9778393351800554
MinmaxScaler,f_classif,5,GradientBoostingClassifier,0.9737206085753803
MinmaxScaler,f_classif,5,RandomForestClassifier,0.9760900140646976
MinmaxScaler,f_classif,5,RandomForestClassifier,0.9648382559774964
MinmaxScaler,f_classif,5,RandomForestClassifier,0.9775280898876404
MinmaxScaler,f_classif,6,LogisticRegression,0.9529243937232524
MinmaxScaler,f_classif,6,LogisticRegression,0.9375907111756169
MinmaxScaler,f_classif,6,LogisticRegression,0.94
MinmaxScaler,f_classif,6,DecisionTreeClassifier,0.968011126564673
MinmaxScaler,f_classif,6,DecisionTreeClassifier,0.9655172413793104
MinmaxScaler,f_classif,6,DecisionTreeClassifier,0.9639889196675899
MinmaxScaler,f_classif,6,SVC,0.9618104667609618
MinmaxScaler,f_classif,6,SVC,0.9527896995708154
MinmaxScaler,f_classif,6,SVC,0.952112676056338
MinmaxScaler,f_classif,6,KNeighborsClassifier,0.9762900976290098
MinmaxScaler,f_classif,6,KNeighborsClassifier,0.9734265734265733
MinmaxScaler,f_classif,6,KNeighborsClassifier,0.9681881051175657
MinmaxScaler,f_classif,6,GaussianNB,0.9371584699453551
MinmaxScaler,f_classif,6,GaussianNB,0.9192886456908345
MinmaxScaler,f_classif,6,GaussianNB,0.9093333333333333
MinmaxScaler,f_classif,6,GradientBoostingClassifier,0.9818181818181818
MinmaxScaler,f_classif,6,GradientBoostingClassifier,0.9764216366158113
MinmaxScaler,f_classif,6,GradientBoostingClassifier,0.9737206085753803
MinmaxScaler,f_classif,6,RandomForestClassifier,0.9745762711864409
MinmaxScaler,f_classif,6,RandomForestClassifier,0.9674681753889673
MinmaxScaler,f_classif,6,RandomForestClassifier,0.9762900976290098
MinmaxScaler,f_classif,7,LogisticRegression,0.9602272727272727
MinmaxScaler,f_classif,7,LogisticRegression,0.9494949494949495
MinmaxScaler,f_classif,7,LogisticRegression,0.9490084985835694
MinmaxScaler,f_classif,7,DecisionTreeClassifier,0.9679218967921898
MinmaxScaler,f_classif,7,DecisionTreeClassifier,0.9666666666666667
MinmaxScaler,f_classif,7,DecisionTreeClassifier,0.9722222222222222
MinmaxScaler,f_classif,7,SVC,0.9674681753889673
MinmaxScaler,f_classif,7,SVC,0.9614835948644793
MinmaxScaler,f_classif,7,SVC,0.9578651685393258
MinmaxScaler,f_classif,7,KNeighborsClassifier,0.9861495844875346
MinmaxScaler,f_classif,7,KNeighborsClassifier,0.9832869080779945
MinmaxScaler,f_classif,7,KNeighborsClassifier,0.970873786407767
MinmaxScaler,f_classif,7,GaussianNB,0.9513212795549374
MinmaxScaler,f_classif,7,GaussianNB,0.935933147632312
MinmaxScaler,f_classif,7,GaussianNB,0.9186991869918699
MinmaxScaler,f_classif,7,GradientBoostingClassifier,0.9831932773109243
MinmaxScaler,f_classif,7,GradientBoostingClassifier,0.9777158774373259
MinmaxScaler,f_classif,7,GradientBoostingClassifier,0.9777777777777777
MinmaxScaler,f_classif,7,RandomForestClassifier,0.9745042492917847
MinmaxScaler,f_classif,7,RandomForestClassifier,0.9789621318373072
MinmaxScaler,f_classif,7,RandomForestClassifier,0.9874125874125873
MinmaxScaler,f_classif,8,LogisticRegression,0.9661016949152542
MinmaxScaler,f_classif,8,LogisticRegression,0.9570200573065902
MinmaxScaler,f_classif,8,LogisticRegression,0.9519774011299436
MinmaxScaler,f_classif,8,DecisionTreeClassifier,0.97054698457223
MinmaxScaler,f_classif,8,DecisionTreeClassifier,0.9598893499308436
MinmaxScaler,f_classif,8,DecisionTreeClassifier,0.9692737430167597
MinmaxScaler,f_classif,8,SVC,0.9703808180535967
MinmaxScaler,f_classif,8,SVC,0.962962962962963
MinmaxScaler,f_classif,8,SVC,0.965034965034965
MinmaxScaler,f_classif,8,KNeighborsClassifier,0.9875518672199171
MinmaxScaler,f_classif,8,KNeighborsClassifier,0.9860335195530725
MinmaxScaler,f_classif,8,KNeighborsClassifier,0.9763560500695411
MinmaxScaler,f_classif,8,GaussianNB,0.9600000000000001
MinmaxScaler,f_classif,8,GaussianNB,0.9397260273972603
MinmaxScaler,f_classif,8,GaussianNB,0.9288590604026845
MinmaxScaler,f_classif,8,GradientBoostingClassifier,0.9845722300140252
MinmaxScaler,f_classif,8,GradientBoostingClassifier,0.9805555555555555
MinmaxScaler,f_classif,8,GradientBoostingClassifier,0.9832869080779945
MinmaxScaler,f_classif,8,RandomForestClassifier,0.9830985915492959
MinmaxScaler,f_classif,8,RandomForestClassifier,0.9830985915492959
MinmaxScaler,f_classif,8,RandomForestClassifier,0.9775910364145659
MinmaxScaler,f_classif,9,LogisticRegression,0.9788434414668548
MinmaxScaler,f_classif,9,LogisticRegression,0.9643366619115549
MinmaxScaler,f_classif,9,LogisticRegression,0.9603399433427763
MinmaxScaler,f_classif,9,DecisionTreeClassifier,0.9664804469273743
MinmaxScaler,f_classif,9,DecisionTreeClassifier,0.9611111111111111
MinmaxScaler,f_classif,9,DecisionTreeClassifier,0.9721448467966575
MinmaxScaler,f_classif,9,SVC,0.9803921568627451
MinmaxScaler,f_classif,9,SVC,0.9716713881019831
MinmaxScaler,f_classif,9,SVC,0.9691011235955057
MinmaxScaler,f_classif,9,KNeighborsClassifier,0.9903181189488244
MinmaxScaler,f_classif,9,KNeighborsClassifier,0.9832869080779945
MinmaxScaler,f_classif,9,KNeighborsClassifier,0.9818688981868898
MinmaxScaler,f_classif,9,GaussianNB,0.9723756906077348
MinmaxScaler,f_classif,9,GaussianNB,0.9559228650137741
MinmaxScaler,f_classif,9,GaussianNB,0.9381720430107526
MinmaxScaler,f_classif,9,GradientBoostingClassifier,0.9873772791023843
MinmaxScaler,f_classif,9,GradientBoostingClassifier,0.9832869080779945
MinmaxScaler,f_classif,9,GradientBoostingClassifier,0.9791376912378302
MinmaxScaler,f_classif,9,RandomForestClassifier,0.9830985915492959
MinmaxScaler,f_classif,9,RandomForestClassifier,0.9760225669957687
MinmaxScaler,f_classif,9,RandomForestClassifier,0.9887955182072828
MinmaxScaler,f_classif,10,LogisticRegression,0.9802816901408451
MinmaxScaler,f_classif,10,LogisticRegression,0.9702127659574469
MinmaxScaler,f_classif,10,LogisticRegression,0.9603399433427763
MinmaxScaler,f_classif,10,DecisionTreeClassifier,0.9598893499308436
MinmaxScaler,f_classif,10,DecisionTreeClassifier,0.9556786703601107
MinmaxScaler,f_classif,10,DecisionTreeClassifier,0.9624478442280946
MinmaxScaler,f_classif,10,SVC,0.9789621318373072
MinmaxScaler,f_classif,10,SVC,0.9731258840169732
MinmaxScaler,f_classif,10,SVC,0.9661971830985915
MinmaxScaler,f_classif,10,KNeighborsClassifier,0.9889502762430938
MinmaxScaler,f_classif,10,KNeighborsClassifier,0.9819193324061196
MinmaxScaler,f_classif,10,KNeighborsClassifier,0.9819694868238557
MinmaxScaler,f_classif,10,GaussianNB,0.9614325068870523
MinmaxScaler,f_classif,10,GaussianNB,0.9517241379310345
MinmaxScaler,f_classif,10,GaussianNB,0.9365721997300944
MinmaxScaler,f_classif,10,GradientBoostingClassifier,0.9873772791023843
MinmaxScaler,f_classif,10,GradientBoostingClassifier,0.9818688981868898
MinmaxScaler,f_classif,10,GradientBoostingClassifier,0.9791955617198337
MinmaxScaler,f_classif,10,RandomForestClassifier,0.9845722300140252
MinmaxScaler,f_classif,10,RandomForestClassifier,0.9804469273743016
MinmaxScaler,f_classif,10,RandomForestClassifier,0.9789029535864978
MinmaxScaler,f_classif,11,LogisticRegression,0.9817158931082981
MinmaxScaler,f_classif,11,LogisticRegression,0.96875
MinmaxScaler,f_classif,11,LogisticRegression,0.9603399433427763
MinmaxScaler,f_classif,11,DecisionTreeClassifier,0.9637883008356547
MinmaxScaler,f_classif,11,DecisionTreeClassifier,0.9608938547486034
MinmaxScaler,f_classif,11,DecisionTreeClassifier,0.9707112970711297
MinmaxScaler,f_classif,11,SVC,0.9775280898876404
MinmaxScaler,f_classif,11,SVC,0.9716713881019831
MinmaxScaler,f_classif,11,SVC,0.9632768361581922
MinmaxScaler,f_classif,11,KNeighborsClassifier,0.9903181189488244
MinmaxScaler,f_classif,11,KNeighborsClassifier,0.9819193324061196
MinmaxScaler,f_classif,11,KNeighborsClassifier,0.9804469273743016
MinmaxScaler,f_classif,11,GaussianNB,0.9628610729023384
MinmaxScaler,f_classif,11,GaussianNB,0.950413223140496
MinmaxScaler,f_classif,11,GaussianNB,0.936742934051144
MinmaxScaler,f_classif,11,GradientBoostingClassifier,0.9873772791023843
MinmaxScaler,f_classif,11,GradientBoostingClassifier,0.9818688981868898
MinmaxScaler,f_classif,11,GradientBoostingClassifier,0.9778393351800554
MinmaxScaler,f_classif,11,RandomForestClassifier,0.9787835926449788
MinmaxScaler,f_classif,11,RandomForestClassifier,0.9817671809256662
MinmaxScaler,f_classif,11,RandomForestClassifier,0.9805555555555555
MinmaxScaler,f_classif,12,LogisticRegression,0.9788434414668548
MinmaxScaler,f_classif,12,LogisticRegression,0.96875
MinmaxScaler,f_classif,12,LogisticRegression,0.9632768361581922
MinmaxScaler,f_classif,12,DecisionTreeClassifier,0.9652294853963839
MinmaxScaler,f_classif,12,DecisionTreeClassifier,0.9596662030598053
MinmaxScaler,f_classif,12,DecisionTreeClassifier,0.968011126564673
MinmaxScaler,f_classif,12,SVC,0.9760900140646976
MinmaxScaler,f_classif,12,SVC,0.9702127659574469
MinmaxScaler,f_classif,12,SVC,0.9646393210749648
MinmaxScaler,f_classif,12,KNeighborsClassifier,0.9875862068965517
MinmaxScaler,f_classif,12,KNeighborsClassifier,0.9805013927576602
MinmaxScaler,f_classif,12,KNeighborsClassifier,0.9749303621169918
MinmaxScaler,f_classif,12,GaussianNB,0.9628610729023384
MinmaxScaler,f_classif,12,GaussianNB,0.9517241379310345
MinmaxScaler,f_classif,12,GaussianNB,0.9327956989247312
MinmaxScaler,f_classif,12,GradientBoostingClassifier,0.9831932773109243
MinmaxScaler,f_classif,12,GradientBoostingClassifier,0.9832869080779945
MinmaxScaler,f_classif,12,GradientBoostingClassifier,0.9791955617198337
MinmaxScaler,f_classif,12,RandomForestClassifier,0.9774647887323943
MinmaxScaler,f_classif,12,RandomForestClassifier,0.9787835926449788
MinmaxScaler,f_classif,12,RandomForestClassifier,0.9846153846153846
MinmaxScaler,chi2,1,LogisticRegression,0.8407079646017699
MinmaxScaler,chi2,1,LogisticRegression,0.8409785932721713
MinmaxScaler,chi2,1,LogisticRegression,0.845360824742268
MinmaxScaler,chi2,1,DecisionTreeClassifier,0.8304093567251462
MinmaxScaler,chi2,1,DecisionTreeClassifier,0.8390092879256966
MinmaxScaler,chi2,1,DecisionTreeClassifier,0.8377581120943952
MinmaxScaler,chi2,1,SVC,0.8433382137628113
MinmaxScaler,chi2,1,SVC,0.8437025796661609
MinmaxScaler,chi2,1,SVC,0.8450292397660818
MinmaxScaler,chi2,1,KNeighborsClassifier,0.8306801736613604
MinmaxScaler,chi2,1,KNeighborsClassifier,0.8311306901615272
MinmaxScaler,chi2,1,KNeighborsClassifier,0.8402366863905325
MinmaxScaler,chi2,1,GaussianNB,0.8352272727272727
MinmaxScaler,chi2,1,GaussianNB,0.8529839883551673
MinmaxScaler,chi2,1,GaussianNB,0.8377997179125528
MinmaxScaler,chi2,1,GradientBoostingClassifier,0.8347826086956521
MinmaxScaler,chi2,1,GradientBoostingClassifier,0.8364197530864196
MinmaxScaler,chi2,1,GradientBoostingClassifier,0.8345534407027819
MinmaxScaler,chi2,1,RandomForestClassifier,0.8333333333333333
MinmaxScaler,chi2,1,RandomForestClassifier,0.825545171339564
MinmaxScaler,chi2,1,RandomForestClassifier,0.8352941176470587
MinmaxScaler,chi2,2,LogisticRegression,0.8960468521229868
MinmaxScaler,chi2,2,LogisticRegression,0.8921713441654356
MinmaxScaler,chi2,2,LogisticRegression,0.8920863309352519
MinmaxScaler,chi2,2,DecisionTreeClassifier,0.8725761772853186
MinmaxScaler,chi2,2,DecisionTreeClassifier,0.876750700280112
MinmaxScaler,chi2,2,DecisionTreeClassifier,0.8830083565459611
MinmaxScaler,chi2,2,SVC,0.9101283880171184
MinmaxScaler,chi2,2,SVC,0.910919540229885
MinmaxScaler,chi2,2,SVC,0.9083215796897038
MinmaxScaler,chi2,2,KNeighborsClassifier,0.9044222539229672
MinmaxScaler,chi2,2,KNeighborsClassifier,0.9026798307475319
MinmaxScaler,chi2,2,KNeighborsClassifier,0.9030470914127424
MinmaxScaler,chi2,2,GaussianNB,0.9126760563380283
MinmaxScaler,chi2,2,GaussianNB,0.9026798307475319
MinmaxScaler,chi2,2,GaussianNB,0.9065550906555091
MinmaxScaler,chi2,2,GradientBoostingClassifier,0.9106145251396648
MinmaxScaler,chi2,2,GradientBoostingClassifier,0.9052333804809052
MinmaxScaler,chi2,2,GradientBoostingClassifier,0.9030470914127424
MinmaxScaler,chi2,2,RandomForestClassifier,0.8977272727272728
MinmaxScaler,chi2,2,RandomForestClassifier,0.8847795163584636
MinmaxScaler,chi2,2,RandomForestClassifier,0.8990318118948825
MinmaxScaler,chi2,3,LogisticRegression,0.8944281524926686
MinmaxScaler,chi2,3,LogisticRegression,0.8924889543446245
MinmaxScaler,chi2,3,LogisticRegression,0.8920863309352519
MinmaxScaler,chi2,3,DecisionTreeClassifier,0.8940217391304348
MinmaxScaler,chi2,3,DecisionTreeClassifier,0.8813559322033899
MinmaxScaler,chi2,3,DecisionTreeClassifier,0.8907330567081605
MinmaxScaler,chi2,3,SVC,0.9106628242074927
MinmaxScaler,chi2,3,SVC,0.9101449275362319
MinmaxScaler,chi2,3,SVC,0.9036827195467422
MinmaxScaler,chi2,3,KNeighborsClassifier,0.9047619047619048
MinmaxScaler,chi2,3,KNeighborsClassifier,0.9123783031988875
MinmaxScaler,chi2,3,KNeighborsClassifier,0.9243466299862448
MinmaxScaler,chi2,3,GaussianNB,0.8775235531628535
MinmaxScaler,chi2,3,GaussianNB,0.8879668049792532
MinmaxScaler,chi2,3,GaussianNB,0.8755020080321284
MinmaxScaler,chi2,3,GradientBoostingClassifier,0.9162011173184358
MinmaxScaler,chi2,3,GradientBoostingClassifier,0.9167842031029619
MinmaxScaler,chi2,3,GradientBoostingClassifier,0.9196675900277009
MinmaxScaler,chi2,3,RandomForestClassifier,0.9042253521126761
MinmaxScaler,chi2,3,RandomForestClassifier,0.9147727272727273
MinmaxScaler,chi2,3,RandomForestClassifier,0.9252077562326869
MinmaxScaler,chi2,4,LogisticRegression,0.9161849710982659
MinmaxScaler,chi2,4,LogisticRegression,0.9188405797101449
MinmaxScaler,chi2,4,LogisticRegression,0.9160739687055477
MinmaxScaler,chi2,4,DecisionTreeClassifier,0.9554317548746518
MinmaxScaler,chi2,4,DecisionTreeClassifier,0.9587912087912088
MinmaxScaler,chi2,4,DecisionTreeClassifier,0.9583333333333334
MinmaxScaler,chi2,4,SVC,0.9283667621776505
MinmaxScaler,chi2,4,SVC,0.9298998569384835
MinmaxScaler,chi2,4,SVC,0.9254571026722925
MinmaxScaler,chi2,4,KNeighborsClassifier,0.9693593314763231
MinmaxScaler,chi2,4,KNeighborsClassifier,0.9619181946403386
MinmaxScaler,chi2,4,KNeighborsClassifier,0.9589041095890412
MinmaxScaler,chi2,4,GaussianNB,0.9153005464480873
MinmaxScaler,chi2,4,GaussianNB,0.9019073569482288
MinmaxScaler,chi2,4,GaussianNB,0.8885906040268456
MinmaxScaler,chi2,4,GradientBoostingClassifier,0.97054698457223
MinmaxScaler,chi2,4,GradientBoostingClassifier,0.9606741573033708
MinmaxScaler,chi2,4,GradientBoostingClassifier,0.968011126564673
MinmaxScaler,chi2,4,RandomForestClassifier,0.9659090909090908
MinmaxScaler,chi2,4,RandomForestClassifier,0.9719887955182073
MinmaxScaler,chi2,4,RandomForestClassifier,0.968011126564673
MinmaxScaler,chi2,5,LogisticRegression,0.9367816091954022
MinmaxScaler,chi2,5,LogisticRegression,0.925764192139738
MinmaxScaler,chi2,5,LogisticRegression,0.9119318181818182
MinmaxScaler,chi2,5,DecisionTreeClassifier,0.9622377622377623
MinmaxScaler,chi2,5,DecisionTreeClassifier,0.9584487534626039
MinmaxScaler,chi2,5,DecisionTreeClassifier,0.9584487534626039
MinmaxScaler,chi2,5,SVC,0.9455587392550143
MinmaxScaler,chi2,5,SVC,0.9323741007194244
MinmaxScaler,chi2,5,SVC,0.9267605633802817
MinmaxScaler,chi2,5,KNeighborsClassifier,0.970873786407767
MinmaxScaler,chi2,5,KNeighborsClassifier,0.9619181946403386
MinmaxScaler,chi2,5,KNeighborsClassifier,0.9600000000000001
MinmaxScaler,chi2,5,GaussianNB,0.9262295081967212
MinmaxScaler,chi2,5,GaussianNB,0.9028727770177838
MinmaxScaler,chi2,5,GaussianNB,0.8936170212765957
MinmaxScaler,chi2,5,GradientBoostingClassifier,0.9707112970711297
MinmaxScaler,chi2,5,GradientBoostingClassifier,0.9762900976290098
MinmaxScaler,chi2,5,GradientBoostingClassifier,0.9707112970711297
MinmaxScaler,chi2,5,RandomForestClassifier,0.9747191011235955
MinmaxScaler,chi2,5,RandomForestClassifier,0.9632768361581922
MinmaxScaler,chi2,5,RandomForestClassifier,0.9722222222222222
MinmaxScaler,chi2,6,LogisticRegression,0.9529243937232524
MinmaxScaler,chi2,6,LogisticRegression,0.9375907111756169
MinmaxScaler,chi2,6,LogisticRegression,0.94
MinmaxScaler,chi2,6,DecisionTreeClassifier,0.9678321678321679
MinmaxScaler,chi2,6,DecisionTreeClassifier,0.9601100412654746
MinmaxScaler,chi2,6,DecisionTreeClassifier,0.9652294853963839
MinmaxScaler,chi2,6,SVC,0.9618104667609618
MinmaxScaler,chi2,6,SVC,0.9527896995708154
MinmaxScaler,chi2,6,SVC,0.952112676056338
MinmaxScaler,chi2,6,KNeighborsClassifier,0.9762900976290098
MinmaxScaler,chi2,6,KNeighborsClassifier,0.9734265734265733
MinmaxScaler,chi2,6,KNeighborsClassifier,0.9681881051175657
MinmaxScaler,chi2,6,GaussianNB,0.9371584699453551
MinmaxScaler,chi2,6,GaussianNB,0.9192886456908345
MinmaxScaler,chi2,6,GaussianNB,0.9093333333333333
MinmaxScaler,chi2,6,GradientBoostingClassifier,0.9818181818181818
MinmaxScaler,chi2,6,GradientBoostingClassifier,0.9764216366158113
MinmaxScaler,chi2,6,GradientBoostingClassifier,0.9737206085753803
MinmaxScaler,chi2,6,RandomForestClassifier,0.9818181818181818
MinmaxScaler,chi2,6,RandomForestClassifier,0.9762900976290098
MinmaxScaler,chi2,6,RandomForestClassifier,0.9694444444444444
MinmaxScaler,chi2,7,LogisticRegression,0.9561527581329561
MinmaxScaler,chi2,7,LogisticRegression,0.9406657018813315
MinmaxScaler,chi2,7,LogisticRegression,0.9401709401709402
MinmaxScaler,chi2,7,DecisionTreeClassifier,0.9749303621169918
MinmaxScaler,chi2,7,DecisionTreeClassifier,0.9626556016597511
MinmaxScaler,chi2,7,DecisionTreeClassifier,0.9665738161559889
MinmaxScaler,chi2,7,SVC,0.958981612446959
MinmaxScaler,chi2,7,SVC,0.9527896995708154
MinmaxScaler,chi2,7,SVC,0.949438202247191
MinmaxScaler,chi2,7,KNeighborsClassifier,0.9750692520775623
MinmaxScaler,chi2,7,KNeighborsClassifier,0.9789621318373072
MinmaxScaler,chi2,7,KNeighborsClassifier,0.970873786407767
MinmaxScaler,chi2,7,GaussianNB,0.9446693657219972
MinmaxScaler,chi2,7,GaussianNB,0.923076923076923
MinmaxScaler,chi2,7,GaussianNB,0.9045751633986927
MinmaxScaler,chi2,7,GradientBoostingClassifier,0.9817671809256662
MinmaxScaler,chi2,7,GradientBoostingClassifier,0.9777777777777777
MinmaxScaler,chi2,7,GradientBoostingClassifier,0.9791955617198337
MinmaxScaler,chi2,7,RandomForestClassifier,0.9887955182072828
MinmaxScaler,chi2,7,RandomForestClassifier,0.9761570827489481
MinmaxScaler,chi2,7,RandomForestClassifier,0.979020979020979
MinmaxScaler,chi2,8,LogisticRegression,0.9760225669957687
MinmaxScaler,chi2,8,LogisticRegression,0.9614835948644793
MinmaxScaler,chi2,8,LogisticRegression,0.9587482219061165
MinmaxScaler,chi2,8,DecisionTreeClassifier,0.9721448467966575
MinmaxScaler,chi2,8,DecisionTreeClassifier,0.9636871508379888
MinmaxScaler,chi2,8,DecisionTreeClassifier,0.9614325068870523
MinmaxScaler,chi2,8,SVC,0.9747191011235955
MinmaxScaler,chi2,8,SVC,0.9688385269121813
MinmaxScaler,chi2,8,SVC,0.9648382559774964
MinmaxScaler,chi2,8,KNeighborsClassifier,0.9889196675900276
MinmaxScaler,chi2,8,KNeighborsClassifier,0.9804469273743016
MinmaxScaler,chi2,8,KNeighborsClassifier,0.9777158774373259
MinmaxScaler,chi2,8,GaussianNB,0.949932341001353
MinmaxScaler,chi2,8,GaussianNB,0.9364005412719894
MinmaxScaler,chi2,8,GaussianNB,0.9131578947368422
MinmaxScaler,chi2,8,GradientBoostingClassifier,0.9845722300140252
MinmaxScaler,chi2,8,GradientBoostingClassifier,0.9805555555555555
MinmaxScaler,chi2,8,GradientBoostingClassifier,0.9750692520775623
MinmaxScaler,chi2,8,RandomForestClassifier,0.9789029535864978
MinmaxScaler,chi2,8,RandomForestClassifier,0.9760225669957687
MinmaxScaler,chi2,8,RandomForestClassifier,0.9762237762237761
MinmaxScaler,chi2,9,LogisticRegression,0.9788434414668548
MinmaxScaler,chi2,9,LogisticRegression,0.9643366619115549
MinmaxScaler,chi2,9,LogisticRegression,0.9603399433427763
MinmaxScaler,chi2,9,DecisionTreeClassifier,0.9666666666666667
MinmaxScaler,chi2,9,DecisionTreeClassifier,0.9571230982019364
MinmaxScaler,chi2,9,DecisionTreeClassifier,0.970873786407767
MinmaxScaler,chi2,9,SVC,0.9803921568627451
MinmaxScaler,chi2,9,SVC,0.9716713881019831
MinmaxScaler,chi2,9,SVC,0.9691011235955057
MinmaxScaler,chi2,9,KNeighborsClassifier,0.9903181189488244
MinmaxScaler,chi2,9,KNeighborsClassifier,0.9832869080779945
MinmaxScaler,chi2,9,KNeighborsClassifier,0.9818688981868898
MinmaxScaler,chi2,9,GaussianNB,0.9723756906077348
MinmaxScaler,chi2,9,GaussianNB,0.9559228650137741
MinmaxScaler,chi2,9,GaussianNB,0.9381720430107526
MinmaxScaler,chi2,9,GradientBoostingClassifier,0.9873772791023843
MinmaxScaler,chi2,9,GradientBoostingClassifier,0.9832869080779945
MinmaxScaler,chi2,9,GradientBoostingClassifier,0.9805013927576602
MinmaxScaler,chi2,9,RandomForestClassifier,0.9873772791023843
MinmaxScaler,chi2,9,RandomForestClassifier,0.9746478873239437
MinmaxScaler,chi2,9,RandomForestClassifier,0.9762900976290098
MinmaxScaler,chi2,10,LogisticRegression,0.9802816901408451
MinmaxScaler,chi2,10,LogisticRegression,0.9702127659574469
MinmaxScaler,chi2,10,LogisticRegression,0.9603399433427763
MinmaxScaler,chi2,10,DecisionTreeClassifier,0.9598893499308436
MinmaxScaler,chi2,10,DecisionTreeClassifier,0.9651324965132497
MinmaxScaler,chi2,10,DecisionTreeClassifier,0.9680998613037447
MinmaxScaler,chi2,10,SVC,0.9789621318373072
MinmaxScaler,chi2,10,SVC,0.9731258840169732
MinmaxScaler,chi2,10,SVC,0.9661971830985915
MinmaxScaler,chi2,10,KNeighborsClassifier,0.9889502762430938
MinmaxScaler,chi2,10,KNeighborsClassifier,0.9819193324061196
MinmaxScaler,chi2,10,KNeighborsClassifier,0.9819694868238557
MinmaxScaler,chi2,10,GaussianNB,0.9614325068870523
MinmaxScaler,chi2,10,GaussianNB,0.9517241379310345
MinmaxScaler,chi2,10,GaussianNB,0.9365721997300944
MinmaxScaler,chi2,10,GradientBoostingClassifier,0.9873772791023843
MinmaxScaler,chi2,10,GradientBoostingClassifier,0.9818688981868898
MinmaxScaler,chi2,10,GradientBoostingClassifier,0.9791955617198337
MinmaxScaler,chi2,10,RandomForestClassifier,0.9845722300140252
MinmaxScaler,chi2,10,RandomForestClassifier,0.970464135021097
MinmaxScaler,chi2,10,RandomForestClassifier,0.9748603351955308
MinmaxScaler,chi2,11,LogisticRegression,0.9817158931082981
MinmaxScaler,chi2,11,LogisticRegression,0.96875
MinmaxScaler,chi2,11,LogisticRegression,0.9603399433427763
MinmaxScaler,chi2,11,DecisionTreeClassifier,0.9652294853963839
MinmaxScaler,chi2,11,DecisionTreeClassifier,0.965034965034965
MinmaxScaler,chi2,11,DecisionTreeClassifier,0.9693593314763231
MinmaxScaler,chi2,11,SVC,0.9775280898876404
MinmaxScaler,chi2,11,SVC,0.9716713881019831
MinmaxScaler,chi2,11,SVC,0.9632768361581922
MinmaxScaler,chi2,11,KNeighborsClassifier,0.9903181189488244
MinmaxScaler,chi2,11,KNeighborsClassifier,0.9819193324061196
MinmaxScaler,chi2,11,KNeighborsClassifier,0.9804469273743016
MinmaxScaler,chi2,11,GaussianNB,0.9628610729023384
MinmaxScaler,chi2,11,GaussianNB,0.950413223140496
MinmaxScaler,chi2,11,GaussianNB,0.936742934051144
MinmaxScaler,chi2,11,GradientBoostingClassifier,0.9873772791023843
MinmaxScaler,chi2,11,GradientBoostingClassifier,0.9818688981868898
MinmaxScaler,chi2,11,GradientBoostingClassifier,0.9778393351800554
MinmaxScaler,chi2,11,RandomForestClassifier,0.9859154929577464
MinmaxScaler,chi2,11,RandomForestClassifier,0.9787234042553191
MinmaxScaler,chi2,11,RandomForestClassifier,0.9775910364145659
MinmaxScaler,chi2,12,LogisticRegression,0.9788434414668548
MinmaxScaler,chi2,12,LogisticRegression,0.96875
MinmaxScaler,chi2,12,LogisticRegression,0.9632768361581922
MinmaxScaler,chi2,12,DecisionTreeClassifier,0.9585635359116023
MinmaxScaler,chi2,12,DecisionTreeClassifier,0.9652294853963839
MinmaxScaler,chi2,12,DecisionTreeClassifier,0.9635854341736695
MinmaxScaler,chi2,12,SVC,0.9760900140646976
MinmaxScaler,chi2,12,SVC,0.9702127659574469
MinmaxScaler,chi2,12,SVC,0.9646393210749648
MinmaxScaler,chi2,12,KNeighborsClassifier,0.9875862068965517
MinmaxScaler,chi2,12,KNeighborsClassifier,0.9805013927576602
MinmaxScaler,chi2,12,KNeighborsClassifier,0.9749303621169918
MinmaxScaler,chi2,12,GaussianNB,0.9628610729023384
MinmaxScaler,chi2,12,GaussianNB,0.9517241379310345
MinmaxScaler,chi2,12,GaussianNB,0.9327956989247312
MinmaxScaler,chi2,12,GradientBoostingClassifier,0.9831932773109243
MinmaxScaler,chi2,12,GradientBoostingClassifier,0.9819193324061196
MinmaxScaler,chi2,12,GradientBoostingClassifier,0.9764868603042878
MinmaxScaler,chi2,12,RandomForestClassifier,0.9859154929577464
MinmaxScaler,chi2,12,RandomForestClassifier,0.9831460674157303
MinmaxScaler,chi2,12,RandomForestClassifier,0.9846153846153846
QuantileTransformer,f_classif,1,LogisticRegression,0.8349788434414669
QuantileTransformer,f_classif,1,LogisticRegression,0.8546762589928056
QuantileTransformer,f_classif,1,LogisticRegression,0.8328690807799444
QuantileTransformer,f_classif,1,DecisionTreeClassifier,0.8304093567251462
QuantileTransformer,f_classif,1,DecisionTreeClassifier,0.8390092879256966
QuantileTransformer,f_classif,1,DecisionTreeClassifier,0.8377581120943952
QuantileTransformer,f_classif,1,SVC,0.8350071736011477
QuantileTransformer,f_classif,1,SVC,0.855457227138643
QuantileTransformer,f_classif,1,SVC,0.8445078459343794
QuantileTransformer,f_classif,1,KNeighborsClassifier,0.8306801736613604
QuantileTransformer,f_classif,1,KNeighborsClassifier,0.8311306901615272
QuantileTransformer,f_classif,1,KNeighborsClassifier,0.8402366863905325
QuantileTransformer,f_classif,1,GaussianNB,0.8010540184453228
QuantileTransformer,f_classif,1,GaussianNB,0.8046874999999999
QuantileTransformer,f_classif,1,GaussianNB,0.7969348659003832
QuantileTransformer,f_classif,1,GradientBoostingClassifier,0.8347826086956521
QuantileTransformer,f_classif,1,GradientBoostingClassifier,0.8364197530864196
QuantileTransformer,f_classif,1,GradientBoostingClassifier,0.8345534407027819
QuantileTransformer,f_classif,1,RandomForestClassifier,0.8347826086956521
QuantileTransformer,f_classif,1,RandomForestClassifier,0.8366412213740458
QuantileTransformer,f_classif,1,RandomForestClassifier,0.8402366863905325
QuantileTransformer,f_classif,2,LogisticRegression,0.9380281690140846
QuantileTransformer,f_classif,2,LogisticRegression,0.92524682651622
QuantileTransformer,f_classif,2,LogisticRegression,0.9322268326417703
QuantileTransformer,f_classif,2,DecisionTreeClassifier,0.9476661951909475
QuantileTransformer,f_classif,2,DecisionTreeClassifier,0.9396914446002805
QuantileTransformer,f_classif,2,DecisionTreeClassifier,0.9439124487004105
QuantileTransformer,f_classif,2,SVC,0.9376770538243626
QuantileTransformer,f_classif,2,SVC,0.9265536723163842
QuantileTransformer,f_classif,2,SVC,0.9361111111111111
QuantileTransformer,f_classif,2,KNeighborsClassifier,0.9473684210526315
QuantileTransformer,f_classif,2,KNeighborsClassifier,0.9365303244005642
QuantileTransformer,f_classif,2,KNeighborsClassifier,0.9426229508196722
QuantileTransformer,f_classif,2,GaussianNB,0.9361702127659574
QuantileTransformer,f_classif,2,GaussianNB,0.9246088193456614
QuantileTransformer,f_classif,2,GaussianNB,0.9318497913769125
QuantileTransformer,f_classif,2,GradientBoostingClassifier,0.951048951048951
QuantileTransformer,f_classif,2,GradientBoostingClassifier,0.9466292134831461
QuantileTransformer,f_classif,2,GradientBoostingClassifier,0.9466484268125855
QuantileTransformer,f_classif,2,RandomForestClassifier,0.9519774011299436
QuantileTransformer,f_classif,2,RandomForestClassifier,0.9478138222849083
QuantileTransformer,f_classif,2,RandomForestClassifier,0.9546079779917469
QuantileTransformer,f_classif,3,LogisticRegression,0.957983193277311
QuantileTransformer,f_classif,3,LogisticRegression,0.9563994374120957
QuantileTransformer,f_classif,3,LogisticRegression,0.9572413793103448
QuantileTransformer,f_classif,3,DecisionTreeClassifier,0.956884561891516
QuantileTransformer,f_classif,3,DecisionTreeClassifier,0.9547325102880659
QuantileTransformer,f_classif,3,DecisionTreeClassifier,0.9556786703601107
QuantileTransformer,f_classif,3,SVC,0.9608938547486034
QuantileTransformer,f_classif,3,SVC,0.9533239038189533
QuantileTransformer,f_classif,3,SVC,0.9571230982019364
QuantileTransformer,f_classif,3,KNeighborsClassifier,0.965034965034965
QuantileTransformer,f_classif,3,KNeighborsClassifier,0.9693593314763231
QuantileTransformer,f_classif,3,KNeighborsClassifier,0.9640883977900553
QuantileTransformer,f_classif,3,GaussianNB,0.9340974212034384
QuantileTransformer,f_classif,3,GaussianNB,0.9425287356321839
QuantileTransformer,f_classif,3,GaussianNB,0.9401709401709402
QuantileTransformer,f_classif,3,GradientBoostingClassifier,0.9690140845070423
QuantileTransformer,f_classif,3,GradientBoostingClassifier,0.9691876750700281
QuantileTransformer,f_classif,3,GradientBoostingClassifier,0.9707927677329624
QuantileTransformer,f_classif,3,RandomForestClassifier,0.9646393210749648
QuantileTransformer,f_classif,3,RandomForestClassifier,0.9691876750700281
QuantileTransformer,f_classif,3,RandomForestClassifier,0.9622377622377623
QuantileTransformer,f_classif,4,LogisticRegression,0.9537166900420757
QuantileTransformer,f_classif,4,LogisticRegression,0.9550561797752809
QuantileTransformer,f_classif,4,LogisticRegression,0.9572413793103448
QuantileTransformer,f_classif,4,DecisionTreeClassifier,0.9553072625698323
QuantileTransformer,f_classif,4,DecisionTreeClassifier,0.9558011049723757
QuantileTransformer,f_classif,4,DecisionTreeClassifier,0.9651324965132497
QuantileTransformer,f_classif,4,SVC,0.9594405594405595
QuantileTransformer,f_classif,4,SVC,0.9533239038189533
QuantileTransformer,f_classif,4,SVC,0.9571230982019364
QuantileTransformer,f_classif,4,KNeighborsClassifier,0.9665738161559889
QuantileTransformer,f_classif,4,KNeighborsClassifier,0.9667590027700831
QuantileTransformer,f_classif,4,KNeighborsClassifier,0.9612188365650971
QuantileTransformer,f_classif,4,GaussianNB,0.9257142857142857
QuantileTransformer,f_classif,4,GaussianNB,0.938483547925608
QuantileTransformer,f_classif,4,GaussianNB,0.938375350140056
QuantileTransformer,f_classif,4,GradientBoostingClassifier,0.970464135021097
QuantileTransformer,f_classif,4,GradientBoostingClassifier,0.9663865546218487
QuantileTransformer,f_classif,4,GradientBoostingClassifier,0.9663865546218487
QuantileTransformer,f_classif,4,RandomForestClassifier,0.9632768361581922
QuantileTransformer,f_classif,4,RandomForestClassifier,0.9588652482269504
QuantileTransformer,f_classif,4,RandomForestClassifier,0.9791376912378302
QuantileTransformer,f_classif,5,LogisticRegression,0.9747899159663865
QuantileTransformer,f_classif,5,LogisticRegression,0.9734265734265733
QuantileTransformer,f_classif,5,LogisticRegression,0.9666666666666667
QuantileTransformer,f_classif,5,DecisionTreeClassifier,0.9666666666666667
QuantileTransformer,f_classif,5,DecisionTreeClassifier,0.9549795361527967
QuantileTransformer,f_classif,5,DecisionTreeClassifier,0.9612188365650971
QuantileTransformer,f_classif,5,SVC,0.9747899159663865
QuantileTransformer,f_classif,5,SVC,0.9720670391061451
QuantileTransformer,f_classif,5,SVC,0.970954356846473
QuantileTransformer,f_classif,5,KNeighborsClassifier,0.9846582984658299
QuantileTransformer,f_classif,5,KNeighborsClassifier,0.975
QuantileTransformer,f_classif,5,KNeighborsClassifier,0.9694444444444444
QuantileTransformer,f_classif,5,GaussianNB,0.9500713266761769
QuantileTransformer,f_classif,5,GaussianNB,0.9503546099290779
QuantileTransformer,f_classif,5,GaussianNB,0.9522471910112359
QuantileTransformer,f_classif,5,GradientBoostingClassifier,0.9790794979079498
QuantileTransformer,f_classif,5,GradientBoostingClassifier,0.9736477115117893
QuantileTransformer,f_classif,5,GradientBoostingClassifier,0.9777158774373259
QuantileTransformer,f_classif,5,RandomForestClassifier,0.9702970297029703
QuantileTransformer,f_classif,5,RandomForestClassifier,0.9624478442280946
QuantileTransformer,f_classif,5,RandomForestClassifier,0.9748603351955308
QuantileTransformer,f_classif,6,LogisticRegression,0.9762900976290098
QuantileTransformer,f_classif,6,LogisticRegression,0.9747899159663865
QuantileTransformer,f_classif,6,LogisticRegression,0.975
QuantileTransformer,f_classif,6,DecisionTreeClassifier,0.9678321678321679
QuantileTransformer,f_classif,6,DecisionTreeClassifier,0.9615384615384616
QuantileTransformer,f_classif,6,DecisionTreeClassifier,0.9625520110957004
QuantileTransformer,f_classif,6,SVC,0.9819193324061196
QuantileTransformer,f_classif,6,SVC,0.9776536312849161
QuantileTransformer,f_classif,6,SVC,0.9736477115117893
QuantileTransformer,f_classif,6,KNeighborsClassifier,0.9832869080779945
QuantileTransformer,f_classif,6,KNeighborsClassifier,0.984743411927878
QuantileTransformer,f_classif,6,KNeighborsClassifier,0.9763560500695411
QuantileTransformer,f_classif,6,GaussianNB,0.9529243937232524
QuantileTransformer,f_classif,6,GaussianNB,0.9515669515669516
QuantileTransformer,f_classif,6,GaussianNB,0.9548022598870056
QuantileTransformer,f_classif,6,GradientBoostingClassifier,0.9817671809256662
QuantileTransformer,f_classif,6,GradientBoostingClassifier,0.9736477115117893
QuantileTransformer,f_classif,6,GradientBoostingClassifier,0.9737206085753803
QuantileTransformer,f_classif,6,RandomForestClassifier,0.9774647887323943
QuantileTransformer,f_classif,6,RandomForestClassifier,0.9734265734265733
QuantileTransformer,f_classif,6,RandomForestClassifier,0.9776536312849161
QuantileTransformer,f_classif,7,LogisticRegression,0.9762900976290098
QuantileTransformer,f_classif,7,LogisticRegression,0.9732770745428974
QuantileTransformer,f_classif,7,LogisticRegression,0.975
QuantileTransformer,f_classif,7,DecisionTreeClassifier,0.9706293706293706
QuantileTransformer,f_classif,7,DecisionTreeClassifier,0.9595536959553697
QuantileTransformer,f_classif,7,DecisionTreeClassifier,0.9777158774373259
QuantileTransformer,f_classif,7,SVC,0.9805555555555555
QuantileTransformer,f_classif,7,SVC,0.9775280898876404
QuantileTransformer,f_classif,7,SVC,0.9735744089012518
QuantileTransformer,f_classif,7,KNeighborsClassifier,0.9833795013850416
QuantileTransformer,f_classif,7,KNeighborsClassifier,0.9861495844875346
QuantileTransformer,f_classif,7,KNeighborsClassifier,0.9750692520775623
QuantileTransformer,f_classif,7,GaussianNB,0.9557774607703281
QuantileTransformer,f_classif,7,GaussianNB,0.9630681818181819
QuantileTransformer,f_classif,7,GaussianNB,0.9576271186440678
QuantileTransformer,f_classif,7,GradientBoostingClassifier,0.9846153846153846
QuantileTransformer,f_classif,7,GradientBoostingClassifier,0.9791955617198337
QuantileTransformer,f_classif,7,GradientBoostingClassifier,0.9764216366158113
QuantileTransformer,f_classif,7,RandomForestClassifier,0.975954738330976
QuantileTransformer,f_classif,7,RandomForestClassifier,0.9644381223328592
QuantileTransformer,f_classif,7,RandomForestClassifier,0.9818181818181818
QuantileTransformer,f_classif,8,LogisticRegression,0.984700973574409
QuantileTransformer,f_classif,8,LogisticRegression,0.9846153846153846
QuantileTransformer,f_classif,8,LogisticRegression,0.9779005524861878
QuantileTransformer,f_classif,8,DecisionTreeClassifier,0.9678321678321679
QuantileTransformer,f_classif,8,DecisionTreeClassifier,0.9584487534626039
QuantileTransformer,f_classif,8,DecisionTreeClassifier,0.9737206085753803
QuantileTransformer,f_classif,8,SVC,0.9860724233983287
QuantileTransformer,f_classif,8,SVC,0.9860335195530725
QuantileTransformer,f_classif,8,SVC,0.9764216366158113
QuantileTransformer,f_classif,8,KNeighborsClassifier,0.9834254143646408
QuantileTransformer,f_classif,8,KNeighborsClassifier,0.9875173370319003
QuantileTransformer,f_classif,8,KNeighborsClassifier,0.9805555555555555
QuantileTransformer,f_classif,8,GaussianNB,0.9571428571428572
QuantileTransformer,f_classif,8,GaussianNB,0.9672830725462305
QuantileTransformer,f_classif,8,GaussianNB,0.964936886395512
QuantileTransformer,f_classif,8,GradientBoostingClassifier,0.9859550561797753
QuantileTransformer,f_classif,8,GradientBoostingClassifier,0.9805555555555555
QuantileTransformer,f_classif,8,GradientBoostingClassifier,0.9750692520775623
QuantileTransformer,f_classif,8,RandomForestClassifier,0.9831460674157303
QuantileTransformer,f_classif,8,RandomForestClassifier,0.9830985915492959
QuantileTransformer,f_classif,8,RandomForestClassifier,0.9804469273743016
QuantileTransformer,f_classif,9,LogisticRegression,0.9860724233983287
QuantileTransformer,f_classif,9,LogisticRegression,0.9874125874125873
QuantileTransformer,f_classif,9,LogisticRegression,0.9778393351800554
QuantileTransformer,f_classif,9,DecisionTreeClassifier,0.9679218967921898
QuantileTransformer,f_classif,9,DecisionTreeClassifier,0.9624478442280946
QuantileTransformer,f_classif,9,DecisionTreeClassifier,0.9651324965132497
QuantileTransformer,f_classif,9,SVC,0.9860724233983287
QuantileTransformer,f_classif,9,SVC,0.9888268156424581
QuantileTransformer,f_classif,9,SVC,0.9764868603042878
QuantileTransformer,f_classif,9,KNeighborsClassifier,0.9833795013850416
QuantileTransformer,f_classif,9,KNeighborsClassifier,0.9902642559109874
QuantileTransformer,f_classif,9,KNeighborsClassifier,0.9791376912378302
QuantileTransformer,f_classif,9,GaussianNB,0.9598853868194843
QuantileTransformer,f_classif,9,GaussianNB,0.9672830725462305
QuantileTransformer,f_classif,9,GaussianNB,0.9719101123595505
QuantileTransformer,f_classif,9,GradientBoostingClassifier,0.9873772791023843
QuantileTransformer,f_classif,9,GradientBoostingClassifier,0.9805555555555555
QuantileTransformer,f_classif,9,GradientBoostingClassifier,0.9777777777777777
QuantileTransformer,f_classif,9,RandomForestClassifier,0.9787835926449788
QuantileTransformer,f_classif,9,RandomForestClassifier,0.9790794979079498
QuantileTransformer,f_classif,9,RandomForestClassifier,0.9818181818181818
QuantileTransformer,f_classif,10,LogisticRegression,0.9874826147426982
QuantileTransformer,f_classif,10,LogisticRegression,0.9888268156424581
QuantileTransformer,f_classif,10,LogisticRegression,0.9750692520775623
QuantileTransformer,f_classif,10,DecisionTreeClassifier,0.9693593314763231
QuantileTransformer,f_classif,10,DecisionTreeClassifier,0.9639889196675899
QuantileTransformer,f_classif,10,DecisionTreeClassifier,0.9623430962343097
QuantileTransformer,f_classif,10,SVC,0.9874826147426982
QuantileTransformer,f_classif,10,SVC,0.9874125874125873
QuantileTransformer,f_classif,10,SVC,0.9764216366158113
QuantileTransformer,f_classif,10,KNeighborsClassifier,0.9833795013850416
QuantileTransformer,f_classif,10,KNeighborsClassifier,0.9916434540389972
QuantileTransformer,f_classif,10,KNeighborsClassifier,0.9777777777777777
QuantileTransformer,f_classif,10,GaussianNB,0.9643366619115549
QuantileTransformer,f_classif,10,GaussianNB,0.9715909090909091
QuantileTransformer,f_classif,10,GaussianNB,0.9761570827489481
QuantileTransformer,f_classif,10,GradientBoostingClassifier,0.9859550561797753
QuantileTransformer,f_classif,10,GradientBoostingClassifier,0.9819193324061196
QuantileTransformer,f_classif,10,GradientBoostingClassifier,0.9751381215469613
QuantileTransformer,f_classif,10,RandomForestClassifier,0.9732016925246826
QuantileTransformer,f_classif,10,RandomForestClassifier,0.9802816901408451
QuantileTransformer,f_classif,10,RandomForestClassifier,0.9846153846153846
QuantileTransformer,f_classif,11,LogisticRegression,0.9874826147426982
QuantileTransformer,f_classif,11,LogisticRegression,0.9831460674157303
QuantileTransformer,f_classif,11,LogisticRegression,0.9777777777777777
QuantileTransformer,f_classif,11,DecisionTreeClassifier,0.9707112970711297
QuantileTransformer,f_classif,11,DecisionTreeClassifier,0.9585635359116023
QuantileTransformer,f_classif,11,DecisionTreeClassifier,0.9693593314763231
QuantileTransformer,f_classif,11,SVC,0.9874826147426982
QuantileTransformer,f_classif,11,SVC,0.9845722300140252
QuantileTransformer,f_classif,11,SVC,0.9777777777777777
QuantileTransformer,f_classif,11,KNeighborsClassifier,0.9874826147426982
QuantileTransformer,f_classif,11,KNeighborsClassifier,0.9874476987447698
QuantileTransformer,f_classif,11,KNeighborsClassifier,0.9791376912378302
QuantileTransformer,f_classif,11,GaussianNB,0.9643366619115549
QuantileTransformer,f_classif,11,GaussianNB,0.9715909090909091
QuantileTransformer,f_classif,11,GaussianNB,0.9747899159663865
QuantileTransformer,f_classif,11,GradientBoostingClassifier,0.9859550561797753
QuantileTransformer,f_classif,11,GradientBoostingClassifier,0.9805555555555555
QuantileTransformer,f_classif,11,GradientBoostingClassifier,0.9751381215469613
QuantileTransformer,f_classif,11,RandomForestClassifier,0.9788434414668548
QuantileTransformer,f_classif,11,RandomForestClassifier,0.9775280898876404
QuantileTransformer,f_classif,11,RandomForestClassifier,0.9789621318373072
QuantileTransformer,f_classif,12,LogisticRegression,0.9888888888888889
QuantileTransformer,f_classif,12,LogisticRegression,0.9860335195530725
QuantileTransformer,f_classif,12,LogisticRegression,0.9791955617198337
QuantileTransformer,f_classif,12,DecisionTreeClassifier,0.9621318373071529
QuantileTransformer,f_classif,12,DecisionTreeClassifier,0.9597780859916784
QuantileTransformer,f_classif,12,DecisionTreeClassifier,0.965034965034965
QuantileTransformer,f_classif,12,SVC,0.9888888888888889
QuantileTransformer,f_classif,12,SVC,0.9874125874125873
QuantileTransformer,f_classif,12,SVC,0.9846582984658299
QuantileTransformer,f_classif,12,KNeighborsClassifier,0.9888579387186631
QuantileTransformer,f_classif,12,KNeighborsClassifier,0.9888579387186631
QuantileTransformer,f_classif,12,KNeighborsClassifier,0.9805555555555555
QuantileTransformer,f_classif,12,GaussianNB,0.9658119658119658
QuantileTransformer,f_classif,12,GaussianNB,0.9715909090909091
QuantileTransformer,f_classif,12,GaussianNB,0.9747899159663865
QuantileTransformer,f_classif,12,GradientBoostingClassifier,0.9845722300140252
QuantileTransformer,f_classif,12,GradientBoostingClassifier,0.9832869080779945
QuantileTransformer,f_classif,12,GradientBoostingClassifier,0.9806094182825484
QuantileTransformer,f_classif,12,RandomForestClassifier,0.9816643159379408
QuantileTransformer,f_classif,12,RandomForestClassifier,0.9775280898876404
QuantileTransformer,f_classif,12,RandomForestClassifier,0.9789029535864978
QuantileTransformer,chi2,1,LogisticRegression,0.8349788434414669
QuantileTransformer,chi2,1,LogisticRegression,0.8546762589928056
QuantileTransformer,chi2,1,LogisticRegression,0.8328690807799444
QuantileTransformer,chi2,1,DecisionTreeClassifier,0.8304093567251462
QuantileTransformer,chi2,1,DecisionTreeClassifier,0.8390092879256966
QuantileTransformer,chi2,1,DecisionTreeClassifier,0.8377581120943952
QuantileTransformer,chi2,1,SVC,0.8350071736011477
QuantileTransformer,chi2,1,SVC,0.855457227138643
QuantileTransformer,chi2,1,SVC,0.8445078459343794
QuantileTransformer,chi2,1,KNeighborsClassifier,0.8306801736613604
QuantileTransformer,chi2,1,KNeighborsClassifier,0.8311306901615272
QuantileTransformer,chi2,1,KNeighborsClassifier,0.8402366863905325
QuantileTransformer,chi2,1,GaussianNB,0.8010540184453228
QuantileTransformer,chi2,1,GaussianNB,0.8046874999999999
QuantileTransformer,chi2,1,GaussianNB,0.7969348659003832
QuantileTransformer,chi2,1,GradientBoostingClassifier,0.8347826086956521
QuantileTransformer,chi2,1,GradientBoostingClassifier,0.8364197530864196
QuantileTransformer,chi2,1,GradientBoostingClassifier,0.8345534407027819
QuantileTransformer,chi2,1,RandomForestClassifier,0.833574529667149
QuantileTransformer,chi2,1,RandomForestClassifier,0.8390092879256966
QuantileTransformer,chi2,1,RandomForestClassifier,0.8427299703264094
QuantileTransformer,chi2,2,LogisticRegression,0.9380281690140846
QuantileTransformer,chi2,2,LogisticRegression,0.92524682651622
QuantileTransformer,chi2,2,LogisticRegression,0.9322268326417703
QuantileTransformer,chi2,2,DecisionTreeClassifier,0.9534555712270802
QuantileTransformer,chi2,2,DecisionTreeClassifier,0.9423347398030941
QuantileTransformer,chi2,2,DecisionTreeClassifier,0.945054945054945
QuantileTransformer,chi2,2,SVC,0.9376770538243626
QuantileTransformer,chi2,2,SVC,0.9265536723163842
QuantileTransformer,chi2,2,SVC,0.9361111111111111
QuantileTransformer,chi2,2,KNeighborsClassifier,0.9473684210526315
QuantileTransformer,chi2,2,KNeighborsClassifier,0.9365303244005642
QuantileTransformer,chi2,2,KNeighborsClassifier,0.9426229508196722
QuantileTransformer,chi2,2,GaussianNB,0.9361702127659574
QuantileTransformer,chi2,2,GaussianNB,0.9246088193456614
QuantileTransformer,chi2,2,GaussianNB,0.9318497913769125
QuantileTransformer,chi2,2,GradientBoostingClassifier,0.951048951048951
QuantileTransformer,chi2,2,GradientBoostingClassifier,0.9466292134831461
QuantileTransformer,chi2,2,GradientBoostingClassifier,0.9466484268125855
QuantileTransformer,chi2,2,RandomForestClassifier,0.9548022598870056
QuantileTransformer,chi2,2,RandomForestClassifier,0.949438202247191
QuantileTransformer,chi2,2,RandomForestClassifier,0.9519890260631002
QuantileTransformer,chi2,3,LogisticRegression,0.957983193277311
QuantileTransformer,chi2,3,LogisticRegression,0.9563994374120957
QuantileTransformer,chi2,3,LogisticRegression,0.9572413793103448
QuantileTransformer,chi2,3,DecisionTreeClassifier,0.9581005586592178
QuantileTransformer,chi2,3,DecisionTreeClassifier,0.9601100412654746
QuantileTransformer,chi2,3,DecisionTreeClassifier,0.9526462395543176
QuantileTransformer,chi2,3,SVC,0.9608938547486034
QuantileTransformer,chi2,3,SVC,0.9533239038189533
QuantileTransformer,chi2,3,SVC,0.9571230982019364
QuantileTransformer,chi2,3,KNeighborsClassifier,0.965034965034965
QuantileTransformer,chi2,3,KNeighborsClassifier,0.9693593314763231
QuantileTransformer,chi2,3,KNeighborsClassifier,0.9640883977900553
QuantileTransformer,chi2,3,GaussianNB,0.9340974212034384
QuantileTransformer,chi2,3,GaussianNB,0.9425287356321839
QuantileTransformer,chi2,3,GaussianNB,0.9401709401709402
QuantileTransformer,chi2,3,GradientBoostingClassifier,0.9690140845070423
QuantileTransformer,chi2,3,GradientBoostingClassifier,0.9691876750700281
QuantileTransformer,chi2,3,GradientBoostingClassifier,0.9707927677329624
QuantileTransformer,chi2,3,RandomForestClassifier,0.9675599435825105
QuantileTransformer,chi2,3,RandomForestClassifier,0.9748603351955308
QuantileTransformer,chi2,3,RandomForestClassifier,0.9695290858725762
QuantileTransformer,chi2,4,LogisticRegression,0.9537166900420757
QuantileTransformer,chi2,4,LogisticRegression,0.9550561797752809
QuantileTransformer,chi2,4,LogisticRegression,0.9572413793103448
QuantileTransformer,chi2,4,DecisionTreeClassifier,0.9513212795549374
QuantileTransformer,chi2,4,DecisionTreeClassifier,0.9587912087912088
QuantileTransformer,chi2,4,DecisionTreeClassifier,0.9637883008356547
QuantileTransformer,chi2,4,SVC,0.9594405594405595
QuantileTransformer,chi2,4,SVC,0.9533239038189533
QuantileTransformer,chi2,4,SVC,0.9571230982019364
QuantileTransformer,chi2,4,KNeighborsClassifier,0.9665738161559889
QuantileTransformer,chi2,4,KNeighborsClassifier,0.9667590027700831
QuantileTransformer,chi2,4,KNeighborsClassifier,0.9612188365650971
QuantileTransformer,chi2,4,GaussianNB,0.9257142857142857
QuantileTransformer,chi2,4,GaussianNB,0.938483547925608
QuantileTransformer,chi2,4,GaussianNB,0.938375350140056
QuantileTransformer,chi2,4,GradientBoostingClassifier,0.970464135021097
QuantileTransformer,chi2,4,GradientBoostingClassifier,0.9663865546218487
QuantileTransformer,chi2,4,GradientBoostingClassifier,0.9663865546218487
QuantileTransformer,chi2,4,RandomForestClassifier,0.9660056657223796
QuantileTransformer,chi2,4,RandomForestClassifier,0.9633802816901408
QuantileTransformer,chi2,4,RandomForestClassifier,0.9721448467966575
QuantileTransformer,chi2,5,LogisticRegression,0.9747899159663865
QuantileTransformer,chi2,5,LogisticRegression,0.9734265734265733
QuantileTransformer,chi2,5,LogisticRegression,0.9666666666666667
QuantileTransformer,chi2,5,DecisionTreeClassifier,0.9734265734265733
QuantileTransformer,chi2,5,DecisionTreeClassifier,0.9640883977900553
QuantileTransformer,chi2,5,DecisionTreeClassifier,0.9639889196675899
QuantileTransformer,chi2,5,SVC,0.9747899159663865
QuantileTransformer,chi2,5,SVC,0.9720670391061451
QuantileTransformer,chi2,5,SVC,0.970954356846473
QuantileTransformer,chi2,5,KNeighborsClassifier,0.9846582984658299
QuantileTransformer,chi2,5,KNeighborsClassifier,0.975
QuantileTransformer,chi2,5,KNeighborsClassifier,0.9694444444444444
QuantileTransformer,chi2,5,GaussianNB,0.9500713266761769
QuantileTransformer,chi2,5,GaussianNB,0.9503546099290779
QuantileTransformer,chi2,5,GaussianNB,0.9522471910112359
QuantileTransformer,chi2,5,GradientBoostingClassifier,0.9790794979079498
QuantileTransformer,chi2,5,GradientBoostingClassifier,0.9736477115117893
QuantileTransformer,chi2,5,GradientBoostingClassifier,0.9777158774373259
QuantileTransformer,chi2,5,RandomForestClassifier,0.9760900140646976
QuantileTransformer,chi2,5,RandomForestClassifier,0.9647390691114245
QuantileTransformer,chi2,5,RandomForestClassifier,0.9763560500695411
QuantileTransformer,chi2,6,LogisticRegression,0.9762900976290098
QuantileTransformer,chi2,6,LogisticRegression,0.9747899159663865
QuantileTransformer,chi2,6,LogisticRegression,0.975
QuantileTransformer,chi2,6,DecisionTreeClassifier,0.9691011235955057
QuantileTransformer,chi2,6,DecisionTreeClassifier,0.9655172413793104
QuantileTransformer,chi2,6,DecisionTreeClassifier,0.9694444444444444
QuantileTransformer,chi2,6,SVC,0.9819193324061196
QuantileTransformer,chi2,6,SVC,0.9776536312849161
QuantileTransformer,chi2,6,SVC,0.9736477115117893
QuantileTransformer,chi2,6,KNeighborsClassifier,0.9832869080779945
QuantileTransformer,chi2,6,KNeighborsClassifier,0.984743411927878
QuantileTransformer,chi2,6,KNeighborsClassifier,0.9763560500695411
QuantileTransformer,chi2,6,GaussianNB,0.9529243937232524
QuantileTransformer,chi2,6,GaussianNB,0.9515669515669516
QuantileTransformer,chi2,6,GaussianNB,0.9548022598870056
QuantileTransformer,chi2,6,GradientBoostingClassifier,0.9817671809256662
QuantileTransformer,chi2,6,GradientBoostingClassifier,0.9736477115117893
QuantileTransformer,chi2,6,GradientBoostingClassifier,0.9737206085753803
QuantileTransformer,chi2,6,RandomForestClassifier,0.9802816901408451
QuantileTransformer,chi2,6,RandomForestClassifier,0.9720670391061451
QuantileTransformer,chi2,6,RandomForestClassifier,0.9761570827489481
QuantileTransformer,chi2,7,LogisticRegression,0.9762900976290098
QuantileTransformer,chi2,7,LogisticRegression,0.9732770745428974
QuantileTransformer,chi2,7,LogisticRegression,0.975
QuantileTransformer,chi2,7,DecisionTreeClassifier,0.9720670391061451
QuantileTransformer,chi2,7,DecisionTreeClassifier,0.9653259361997226
QuantileTransformer,chi2,7,DecisionTreeClassifier,0.9722222222222222
QuantileTransformer,chi2,7,SVC,0.9805555555555555
QuantileTransformer,chi2,7,SVC,0.9775280898876404
QuantileTransformer,chi2,7,SVC,0.9735744089012518
QuantileTransformer,chi2,7,KNeighborsClassifier,0.9833795013850416
QuantileTransformer,chi2,7,KNeighborsClassifier,0.9861495844875346
QuantileTransformer,chi2,7,KNeighborsClassifier,0.9750692520775623
QuantileTransformer,chi2,7,GaussianNB,0.9557774607703281
QuantileTransformer,chi2,7,GaussianNB,0.9630681818181819
QuantileTransformer,chi2,7,GaussianNB,0.9576271186440678
QuantileTransformer,chi2,7,GradientBoostingClassifier,0.9846153846153846
QuantileTransformer,chi2,7,GradientBoostingClassifier,0.9791955617198337
QuantileTransformer,chi2,7,GradientBoostingClassifier,0.9764216366158113
QuantileTransformer,chi2,7,RandomForestClassifier,0.9774647887323943
QuantileTransformer,chi2,7,RandomForestClassifier,0.9832402234636872
QuantileTransformer,chi2,7,RandomForestClassifier,0.9804469273743016
QuantileTransformer,chi2,8,LogisticRegression,0.984700973574409
QuantileTransformer,chi2,8,LogisticRegression,0.9846153846153846
QuantileTransformer,chi2,8,LogisticRegression,0.9779005524861878
QuantileTransformer,chi2,8,DecisionTreeClassifier,0.9692737430167597
QuantileTransformer,chi2,8,DecisionTreeClassifier,0.9652294853963839
QuantileTransformer,chi2,8,DecisionTreeClassifier,0.9707927677329624
QuantileTransformer,chi2,8,SVC,0.9860724233983287
QuantileTransformer,chi2,8,SVC,0.9860335195530725
QuantileTransformer,chi2,8,SVC,0.9764216366158113
QuantileTransformer,chi2,8,KNeighborsClassifier,0.9834254143646408
QuantileTransformer,chi2,8,KNeighborsClassifier,0.9875173370319003
QuantileTransformer,chi2,8,KNeighborsClassifier,0.9805555555555555
QuantileTransformer,chi2,8,GaussianNB,0.9571428571428572
QuantileTransformer,chi2,8,GaussianNB,0.9672830725462305
QuantileTransformer,chi2,8,GaussianNB,0.964936886395512
QuantileTransformer,chi2,8,GradientBoostingClassifier,0.9859550561797753
QuantileTransformer,chi2,8,GradientBoostingClassifier,0.9805555555555555
QuantileTransformer,chi2,8,GradientBoostingClassifier,0.9750692520775623
QuantileTransformer,chi2,8,RandomForestClassifier,0.9846153846153846
QuantileTransformer,chi2,8,RandomForestClassifier,0.9775280898876404
QuantileTransformer,chi2,8,RandomForestClassifier,0.979020979020979
QuantileTransformer,chi2,9,LogisticRegression,0.9860724233983287
QuantileTransformer,chi2,9,LogisticRegression,0.9874125874125873
QuantileTransformer,chi2,9,LogisticRegression,0.9778393351800554
QuantileTransformer,chi2,9,DecisionTreeClassifier,0.9692737430167597
QuantileTransformer,chi2,9,DecisionTreeClassifier,0.9653259361997226
QuantileTransformer,chi2,9,DecisionTreeClassifier,0.9654218533886585
QuantileTransformer,chi2,9,SVC,0.9860724233983287
QuantileTransformer,chi2,9,SVC,0.9888268156424581
QuantileTransformer,chi2,9,SVC,0.9764868603042878
QuantileTransformer,chi2,9,KNeighborsClassifier,0.9833795013850416
QuantileTransformer,chi2,9,KNeighborsClassifier,0.9902642559109874
QuantileTransformer,chi2,9,KNeighborsClassifier,0.9791376912378302
QuantileTransformer,chi2,9,GaussianNB,0.9598853868194843
QuantileTransformer,chi2,9,GaussianNB,0.9672830725462305
QuantileTransformer,chi2,9,GaussianNB,0.9719101123595505
QuantileTransformer,chi2,9,GradientBoostingClassifier,0.9873772791023843
QuantileTransformer,chi2,9,GradientBoostingClassifier,0.9805555555555555
QuantileTransformer,chi2,9,GradientBoostingClassifier,0.9764216366158113
QuantileTransformer,chi2,9,RandomForestClassifier,0.9802816901408451
QuantileTransformer,chi2,9,RandomForestClassifier,0.9846582984658299
QuantileTransformer,chi2,9,RandomForestClassifier,0.9846582984658299
QuantileTransformer,chi2,10,LogisticRegression,0.9874826147426982
QuantileTransformer,chi2,10,LogisticRegression,0.9888268156424581
QuantileTransformer,chi2,10,LogisticRegression,0.9750692520775623
QuantileTransformer,chi2,10,DecisionTreeClassifier,0.9707112970711297
QuantileTransformer,chi2,10,DecisionTreeClassifier,0.9665738161559889
QuantileTransformer,chi2,10,DecisionTreeClassifier,0.9749303621169918
QuantileTransformer,chi2,10,SVC,0.9874826147426982
QuantileTransformer,chi2,10,SVC,0.9874125874125873
QuantileTransformer,chi2,10,SVC,0.9764216366158113
QuantileTransformer,chi2,10,KNeighborsClassifier,0.9833795013850416
QuantileTransformer,chi2,10,KNeighborsClassifier,0.9916434540389972
QuantileTransformer,chi2,10,KNeighborsClassifier,0.9777777777777777
QuantileTransformer,chi2,10,GaussianNB,0.9643366619115549
QuantileTransformer,chi2,10,GaussianNB,0.9715909090909091
QuantileTransformer,chi2,10,GaussianNB,0.9761570827489481
QuantileTransformer,chi2,10,GradientBoostingClassifier,0.9859550561797753
QuantileTransformer,chi2,10,GradientBoostingClassifier,0.9819193324061196
QuantileTransformer,chi2,10,GradientBoostingClassifier,0.9764868603042878
QuantileTransformer,chi2,10,RandomForestClassifier,0.9873772791023843
QuantileTransformer,chi2,10,RandomForestClassifier,0.9775280898876404
QuantileTransformer,chi2,10,RandomForestClassifier,0.9831932773109243
QuantileTransformer,chi2,11,LogisticRegression,0.9874826147426982
QuantileTransformer,chi2,11,LogisticRegression,0.9831460674157303
QuantileTransformer,chi2,11,LogisticRegression,0.9777777777777777
QuantileTransformer,chi2,11,DecisionTreeClassifier,0.9721448467966575
QuantileTransformer,chi2,11,DecisionTreeClassifier,0.9666666666666667
QuantileTransformer,chi2,11,DecisionTreeClassifier,0.9637883008356547
QuantileTransformer,chi2,11,SVC,0.9874826147426982
QuantileTransformer,chi2,11,SVC,0.9845722300140252
QuantileTransformer,chi2,11,SVC,0.9777777777777777
QuantileTransformer,chi2,11,KNeighborsClassifier,0.9874826147426982
QuantileTransformer,chi2,11,KNeighborsClassifier,0.9874476987447698
QuantileTransformer,chi2,11,KNeighborsClassifier,0.9791376912378302
QuantileTransformer,chi2,11,GaussianNB,0.9643366619115549
QuantileTransformer,chi2,11,GaussianNB,0.9715909090909091
QuantileTransformer,chi2,11,GaussianNB,0.9747899159663865
QuantileTransformer,chi2,11,GradientBoostingClassifier,0.9859550561797753
QuantileTransformer,chi2,11,GradientBoostingClassifier,0.9805555555555555
QuantileTransformer,chi2,11,GradientBoostingClassifier,0.9751381215469613
QuantileTransformer,chi2,11,RandomForestClassifier,0.9830985915492959
QuantileTransformer,chi2,11,RandomForestClassifier,0.9789029535864978
QuantileTransformer,chi2,11,RandomForestClassifier,0.9846153846153846
QuantileTransformer,chi2,12,LogisticRegression,0.9888888888888889
QuantileTransformer,chi2,12,LogisticRegression,0.9860335195530725
QuantileTransformer,chi2,12,LogisticRegression,0.9791955617198337
QuantileTransformer,chi2,12,DecisionTreeClassifier,0.9664804469273743
QuantileTransformer,chi2,12,DecisionTreeClassifier,0.9612188365650971
QuantileTransformer,chi2,12,DecisionTreeClassifier,0.9679218967921898
QuantileTransformer,chi2,12,SVC,0.9888888888888889
QuantileTransformer,chi2,12,SVC,0.9874125874125873
QuantileTransformer,chi2,12,SVC,0.9846582984658299
QuantileTransformer,chi2,12,KNeighborsClassifier,0.9888579387186631
QuantileTransformer,chi2,12,KNeighborsClassifier,0.9888579387186631
QuantileTransformer,chi2,12,KNeighborsClassifier,0.9805555555555555
QuantileTransformer,chi2,12,GaussianNB,0.9658119658119658
QuantileTransformer,chi2,12,GaussianNB,0.9715909090909091
QuantileTransformer,chi2,12,GaussianNB,0.9747899159663865
QuantileTransformer,chi2,12,GradientBoostingClassifier,0.9845722300140252
QuantileTransformer,chi2,12,GradientBoostingClassifier,0.9832869080779945
QuantileTransformer,chi2,12,GradientBoostingClassifier,0.9806094182825484
QuantileTransformer,chi2,12,RandomForestClassifier,0.9830985915492959
QuantileTransformer,chi2,12,RandomForestClassifier,0.9702127659574469
QuantileTransformer,chi2,12,RandomForestClassifier,0.9832869080779945
